prioritaet,asin,produkt,preis_realisiert_eur,sessions_tag_ist,conversion_prozent,buybox_prozent,einheiten_tag_ist,einheiten_tag_woche8,einheiten_tag_monat4,einheiten_tag_monat8,bestand_fbm_gesamt,sessions_tag_ziel_monat8,massnahmen
A,B0H1GVXBR4,Wandspiegel 60x40 cm Hoch- und Querformat Weiß Matt - Kunsts,24.67,31.8,6.5,99.92,2.07,4.14,7.24,12.41,87,191.0,"FBM-Bestand nach FBA; Preisverlauf prüfen, dann einen Preis; Titel/Suchbegriffe/Bilder/A+; Variationsfamilie Spiegel; Nachbestellung"
A,B0H1HHQ6RM,Wandspiegel 60x40 cm Hoch- und Querformat Schwarz Matt - Kun,24.62,14.5,7.8,100.0,1.13,2.27,3.96,6.8,82,87.0,"FBM nach FBA; Preisverlauf prüfen, einen Preis; Variationsfamilie Spiegel"
A,B0H6K8ZY9P,EmsCraft24 Salzlampe aus der Salt Range Pakistan Nachtlicht ,16.81,23.5,6.7,98.84,1.57,3.13,5.49,9.4,90,141.0,FBM nach FBA; Angebotsdaten verbessern; Variationsfamilie Salzlampen
B,B0H1GVQGK5,Wandspiegel 60x40 cm Hoch- und Querformat Eiche Catania - Ku,24.4,9.8,6.1,99.76,0.6,0.9,1.5,2.4,92,39.0,
B,B0HFJLKKJF,Wandspiegel 60x40 cm Hoch- und Querformat Eiche Natur - Kuns,24.72,8.0,6.2,99.0,0.5,0.75,1.25,2.0,77,32.0,
B,B0H6KHBWC7,EmsCraft24 Salzlampe aus der Salt Range Pakistan Nachtlicht ,24.99,6.0,6.6,99.62,0.4,0.6,1.0,1.6,87,24.0,
B,B0HHDN6FVZ,EmsCraft24 Kinderspiegel Wandspiegel 60x40 cm Eiche Natur Ku,24.99,2.5,6.8,100.0,0.17,0.25,0.42,0.67,95,10.0,
B,B0HHDWN5XD,EmsCraft24 Kinderspiegel Wandspiegel 60x40 cm Weiß Matt Kuns,24.99,0.9,11.5,100.0,0.1,0.15,0.25,0.4,97,3.0,
B,B0HJCKKP71,EmsCraft24 Salzlampe aus der Salt Range Pakistan Nachtlicht ,32.95,1.1,8.8,100.0,0.1,0.15,0.25,0.4,16,5.0,
B,B0H6K63JP4,EmsCraft24 Salzlampe aus der Salt Range Pakistan Nachtlicht ,29.9,2.6,3.8,98.06,0.1,0.15,0.25,0.4,94,11.0,
C,B08T17HG4G,"CLAMARO Rollrost 140x200 cm, 22 Leisten, Multiplex Birkenhol",89.0,3.3,7.1,92.42,0.23,0.47,0.93,1.63,131,23.0,
C,B08T1FKJJF,"Rollrost Lattenrost 90x200 cm, 22 Leisten, Multiplex Birkenh",59.99,2.2,9.0,69.64,0.2,0.4,0.8,1.4,184,16.0,
C,B08T1JJQMY,"CLAMARO Rollrost 160x200 cm, 22 Leisten, Multiplex Birkenhol",109.0,2.0,5.1,75.68,0.1,0.2,0.4,0.7,126,14.0,
C,B08T1PSK64,"Rollrost Lattenrost 100x200 cm, 22 Leisten, Multiplex Birken",69.99,1.4,9.5,89.29,0.13,0.27,0.53,0.93,95,10.0,
C,B08T1DP91M,"Rollrost Lattenrost 120x200 cm, 22 Leisten, Multiplex Birken",74.99,1.1,2.9,93.48,0.03,0.07,0.13,0.23,96,8.0,
C,B0HF51T81T,"Cityroller Kickscooter 205mm gefedert klappbar bis 100kg, (S",34.9,7.7,3.9,94.32,0.3,0.6,1.2,2.1,97,54.0,
C,B07RL3665T,"Clamaro 'Sidekick' 205mm Cityroller Tretroller gefedert, bis",31.63,0.9,10.7,100.0,0.1,0.2,0.4,0.7,4,7.0,
C,B07YSTRMDD,Cityroller Kickscooter (Grün/Schwarz) 205mm gefedert klappba,29.99,1.7,4.0,95.31,0.07,0.13,0.27,0.47,128,12.0,
C,B0GLGTBP9K,Katzenbaum DeluxePet XXL Kratzbaum Athen EmsCraft24 – 240–27,129.99,4.6,1.4,90.81,0.07,0.13,0.27,0.47,0,32.0,
D,B0H6KF29TN,EmsCraft24 Salzlampe aus der Salt Range Pakistan Nachtlicht ,37.99,2.5,4.0,98.88,0.0,0.15,0.2,0.3,35,7.0,
D,B0H6KJ19QH,EmsCraft24 Salzlampe aus der Salt Range Pakistan Nachtlicht ,47.5,2.3,4.0,97.7,0.0,0.14,0.19,0.28,34,7.0,
D,B0HF88TJHN,EmsCraft24 Salzlampe aus der Salt Range Pakistan Nachtlicht ,44.9,1.6,4.0,98.41,0.0,0.1,0.13,0.19,9,5.0,
D,B0HCC4PDML,EmsCraft24 Salzlampe aus der Salt Range Pakistan Nachtlicht ,30.05,4.7,4.0,96.13,0.13,0.28,0.38,0.56,96,14.0,
