sku,gtin,titel,marke,kategorie,zustand,preis_eur,menge,versandrichtlinie,rueckgabe,farbe,masse,anzahl,form,material,rahmenmaterial,montageart,beschreibung,bild_1,bild_2,bild_3,bild_4,bild_5,bild_6,bild_7,status
S02-KLARO-WEISS-MATT-60x40,4255822601829,EmsCraft24 Wandspiegel 2er Set 60x40 cm Weiß Matt Kunststoffspiegel MDF-Rahmen,EmsCraft24,,Neu,49.99,100,,,Weiß Matt,60 x 40 cm,2,Rechteckig,Kunststoffspiegel,MDF,Wandmontage,"Mit dem 2er Set Wandspiegel 60x40 cm in Weiß Matt gestaltest du eine Spiegelwand aus zwei gleichen Spiegeln. Die Spiegel bestehen aus bruchsicherem, splitterfreiem Kunststoff und sind deutlich leichter als Glasspiegel. Jeder Spiegel passt hochkant und quer, sodass du Reihen, Gruppen oder versetzte Anordnungen frei planen kannst. Die Farbe Weiß Matt wirkt hell und freundlich und passt zu skandinavischen, hellen und modernen Einrichtungen. Der Rahmen besteht aus MDF-Holzwerkstoff mit Furnier (Profil 30 mm breit, 16 mm tief), jeder Spiegel wiegt ca. 1,1 kg.",,,,,,,,Entwurf
S02-KLARO-SCHWARZ-MATT-60x40,4255822601836,Wandspiegel 2er Set 60x40 cm Schwarz Matt Kunststoffspiegel MDF-Rahmen Hoch Quer,EmsCraft24,,Neu,49.99,100,,,Schwarz Matt,60 x 40 cm,2,Rechteckig,Kunststoffspiegel,MDF,Wandmontage,"Mit dem 2er Set Wandspiegel 60x40 cm in Schwarz Matt gestaltest du eine Spiegelwand aus zwei gleichen Spiegeln. Die Spiegel bestehen aus bruchsicherem, splitterfreiem Kunststoff und sind deutlich leichter als Glasspiegel. Jeder Spiegel passt hochkant und quer, sodass du Reihen, Gruppen oder versetzte Anordnungen frei planen kannst. Die Farbe Schwarz Matt wirkt klar und markant und passt zu modernen, industriellen und minimalistischen Einrichtungen. Der Rahmen besteht aus MDF-Holzwerkstoff mit Furnier (Profil 30 mm breit, 16 mm tief), jeder Spiegel wiegt ca. 1,1 kg.",,,,,,,,Entwurf
S02-KLARO-EICHE-CATANIA-60x40,4255822601843,Wandspiegel 2er Set 60x40 cm Eiche Catania Kunststoffspiegel MDF-Rahmen,EmsCraft24,,Neu,49.99,100,,,Eiche Catania,60 x 40 cm,2,Rechteckig,Kunststoffspiegel,MDF,Wandmontage,"Mit dem 2er Set Wandspiegel 60x40 cm in Eiche Catania gestaltest du eine Spiegelwand aus zwei gleichen Spiegeln. Die Spiegel bestehen aus bruchsicherem, splitterfreiem Kunststoff und sind deutlich leichter als Glasspiegel. Jeder Spiegel passt hochkant und quer, sodass du Reihen, Gruppen oder versetzte Anordnungen frei planen kannst. Die Farbe Eiche Catania wirkt warm und natürlich und passt zu warmen, wohnlichen Einrichtungen mit Holzakzenten. Der Rahmen besteht aus MDF-Holzwerkstoff mit Furnier (Profil 30 mm breit, 16 mm tief), jeder Spiegel wiegt ca. 1,1 kg.",,,,,,,,Entwurf
S02-KLARO-EICHE-NATUR-60x40,4255822601850,EmsCraft24 Wandspiegel 2er Set 60x40 cm Eiche Natur Kunststoffspiegel MDF-Rahmen,EmsCraft24,,Neu,49.99,100,,,Eiche Natur,60 x 40 cm,2,Rechteckig,Kunststoffspiegel,MDF,Wandmontage,"Mit dem 2er Set Wandspiegel 60x40 cm in Eiche Natur gestaltest du eine Spiegelwand aus zwei gleichen Spiegeln. Die Spiegel bestehen aus bruchsicherem, splitterfreiem Kunststoff und sind deutlich leichter als Glasspiegel. Jeder Spiegel passt hochkant und quer, sodass du Reihen, Gruppen oder versetzte Anordnungen frei planen kannst. Die Farbe Eiche Natur wirkt natürlich und ruhig und passt zu natürlichen Einrichtungen im Landhaus- und Holzstil. Der Rahmen besteht aus MDF-Holzwerkstoff mit Furnier (Profil 30 mm breit, 16 mm tief), jeder Spiegel wiegt ca. 1,1 kg.",,,,,,,,Entwurf
S02-KLARO-GOLD-GLAENZEND-60x40,4255822601867,EmsCraft24 Wandspiegel 2er Set 60x40 cm Gold Kunststoffspiegel MDF-Rahmen,EmsCraft24,,Neu,49.99,100,,,Gold,60 x 40 cm,2,Rechteckig,Kunststoffspiegel,MDF,Wandmontage,"Mit dem 2er Set Wandspiegel 60x40 cm in Gold Glänzend gestaltest du eine Spiegelwand aus zwei gleichen Spiegeln. Die Spiegel bestehen aus bruchsicherem, splitterfreiem Kunststoff und sind deutlich leichter als Glasspiegel. Jeder Spiegel passt hochkant und quer, sodass du Reihen, Gruppen oder versetzte Anordnungen frei planen kannst. Die Farbe Gold Glänzend wirkt elegant und glänzend und passt zu eleganten Einrichtungen mit Gold- und Messing-Akzenten. Der Rahmen besteht aus MDF-Holzwerkstoff mit Furnier (Profil 30 mm breit, 16 mm tief), jeder Spiegel wiegt ca. 1,1 kg.",,,,,,,,Entwurf
S03-KLARO-WEISS-MATT-60x40,4255822601874,EmsCraft24 Wandspiegel 3er Set 60x40 cm Weiß Matt Kunststoffspiegel MDF-Rahmen,EmsCraft24,,Neu,74.99,100,,,Weiß Matt,60 x 40 cm,3,Rechteckig,Kunststoffspiegel,MDF,Wandmontage,"Mit dem 3er Set Wandspiegel 60x40 cm in Weiß Matt gestaltest du eine Spiegelwand aus drei gleichen Spiegeln. Die Spiegel bestehen aus bruchsicherem, splitterfreiem Kunststoff und sind deutlich leichter als Glasspiegel. Jeder Spiegel passt hochkant und quer, sodass du Reihen, Gruppen oder versetzte Anordnungen frei planen kannst. Die Farbe Weiß Matt wirkt hell und freundlich und passt zu skandinavischen, hellen und modernen Einrichtungen. Der Rahmen besteht aus MDF-Holzwerkstoff mit Furnier (Profil 30 mm breit, 16 mm tief), jeder Spiegel wiegt ca. 1,1 kg.",,,,,,,,Entwurf
S03-KLARO-SCHWARZ-MATT-60x40,4255822601881,Wandspiegel 3er Set 60x40 cm Schwarz Matt Kunststoffspiegel MDF-Rahmen Hoch Quer,EmsCraft24,,Neu,74.99,100,,,Schwarz Matt,60 x 40 cm,3,Rechteckig,Kunststoffspiegel,MDF,Wandmontage,"Mit dem 3er Set Wandspiegel 60x40 cm in Schwarz Matt gestaltest du eine Spiegelwand aus drei gleichen Spiegeln. Die Spiegel bestehen aus bruchsicherem, splitterfreiem Kunststoff und sind deutlich leichter als Glasspiegel. Jeder Spiegel passt hochkant und quer, sodass du Reihen, Gruppen oder versetzte Anordnungen frei planen kannst. Die Farbe Schwarz Matt wirkt klar und markant und passt zu modernen, industriellen und minimalistischen Einrichtungen. Der Rahmen besteht aus MDF-Holzwerkstoff mit Furnier (Profil 30 mm breit, 16 mm tief), jeder Spiegel wiegt ca. 1,1 kg.",,,,,,,,Entwurf
S03-KLARO-EICHE-CATANIA-60x40,4255822601898,Wandspiegel 3er Set 60x40 cm Eiche Catania Kunststoffspiegel MDF-Rahmen,EmsCraft24,,Neu,74.99,100,,,Eiche Catania,60 x 40 cm,3,Rechteckig,Kunststoffspiegel,MDF,Wandmontage,"Mit dem 3er Set Wandspiegel 60x40 cm in Eiche Catania gestaltest du eine Spiegelwand aus drei gleichen Spiegeln. Die Spiegel bestehen aus bruchsicherem, splitterfreiem Kunststoff und sind deutlich leichter als Glasspiegel. Jeder Spiegel passt hochkant und quer, sodass du Reihen, Gruppen oder versetzte Anordnungen frei planen kannst. Die Farbe Eiche Catania wirkt warm und natürlich und passt zu warmen, wohnlichen Einrichtungen mit Holzakzenten. Der Rahmen besteht aus MDF-Holzwerkstoff mit Furnier (Profil 30 mm breit, 16 mm tief), jeder Spiegel wiegt ca. 1,1 kg.",,,,,,,,Entwurf
S03-KLARO-EICHE-NATUR-60x40,4255822601904,EmsCraft24 Wandspiegel 3er Set 60x40 cm Eiche Natur Kunststoffspiegel MDF-Rahmen,EmsCraft24,,Neu,74.99,100,,,Eiche Natur,60 x 40 cm,3,Rechteckig,Kunststoffspiegel,MDF,Wandmontage,"Mit dem 3er Set Wandspiegel 60x40 cm in Eiche Natur gestaltest du eine Spiegelwand aus drei gleichen Spiegeln. Die Spiegel bestehen aus bruchsicherem, splitterfreiem Kunststoff und sind deutlich leichter als Glasspiegel. Jeder Spiegel passt hochkant und quer, sodass du Reihen, Gruppen oder versetzte Anordnungen frei planen kannst. Die Farbe Eiche Natur wirkt natürlich und ruhig und passt zu natürlichen Einrichtungen im Landhaus- und Holzstil. Der Rahmen besteht aus MDF-Holzwerkstoff mit Furnier (Profil 30 mm breit, 16 mm tief), jeder Spiegel wiegt ca. 1,1 kg.",,,,,,,,Entwurf
S03-KLARO-GOLD-GLAENZEND-60x40,4255822601911,EmsCraft24 Wandspiegel 3er Set 60x40 cm Gold Kunststoffspiegel MDF-Rahmen,EmsCraft24,,Neu,74.99,100,,,Gold,60 x 40 cm,3,Rechteckig,Kunststoffspiegel,MDF,Wandmontage,"Mit dem 3er Set Wandspiegel 60x40 cm in Gold Glänzend gestaltest du eine Spiegelwand aus drei gleichen Spiegeln. Die Spiegel bestehen aus bruchsicherem, splitterfreiem Kunststoff und sind deutlich leichter als Glasspiegel. Jeder Spiegel passt hochkant und quer, sodass du Reihen, Gruppen oder versetzte Anordnungen frei planen kannst. Die Farbe Gold Glänzend wirkt elegant und glänzend und passt zu eleganten Einrichtungen mit Gold- und Messing-Akzenten. Der Rahmen besteht aus MDF-Holzwerkstoff mit Furnier (Profil 30 mm breit, 16 mm tief), jeder Spiegel wiegt ca. 1,1 kg.",,,,,,,,Entwurf
