sku,gtin_vorschlag,quelle
S02-KLARO-WEISS-MATT-60x40,4255822601829,data/spiegel_sets_texte_charge1.csv
S02-KLARO-SCHWARZ-MATT-60x40,4255822601836,data/spiegel_sets_texte_charge1.csv
S02-KLARO-EICHE-CATANIA-60x40,4255822601843,data/spiegel_sets_texte_charge1.csv
S02-KLARO-EICHE-NATUR-60x40,4255822601850,data/spiegel_sets_texte_charge1.csv
S02-KLARO-GOLD-GLAENZEND-60x40,4255822601867,data/spiegel_sets_texte_charge1.csv
S03-KLARO-WEISS-MATT-60x40,4255822601874,data/spiegel_sets_texte_charge1.csv
S03-KLARO-SCHWARZ-MATT-60x40,4255822601881,data/spiegel_sets_texte_charge1.csv
S03-KLARO-EICHE-CATANIA-60x40,4255822601898,data/spiegel_sets_texte_charge1.csv
S03-KLARO-EICHE-NATUR-60x40,4255822601904,data/spiegel_sets_texte_charge1.csv
S03-KLARO-GOLD-GLAENZEND-60x40,4255822601911,data/spiegel_sets_texte_charge1.csv
GS01-SALZ-DUO-1-2KG,4255822601928,data/salzlampen_geschenksets_texte.csv
GS02-SALZ-DUO-2-3KG,4255822601935,data/salzlampen_geschenksets_texte.csv
GS03-SALZ-DUO-3-5KG,4255822601942,data/salzlampen_geschenksets_texte.csv
GS04-SALZ-DUO-WEISS-2-3KG,4255822601959,data/salzlampen_geschenksets_texte.csv
GS05-SALZ-MINI-TRIO,4255822601966,data/salzlampen_geschenksets_texte.csv
GS06-SALZ-MINI-MOND-DUO,4255822601973,data/salzlampen_geschenksets_texte.csv
GS07-SALZ-1-2KG-PLUS-MINI,4255822601980,data/salzlampen_geschenksets_texte.csv
GS08-SALZ-2-3KG-PLUS-MINI,4255822601997,data/salzlampen_geschenksets_texte.csv
