gtin,artikelnummer,sku,produkt,quelle,status
4255822600068,60006,SKU-5ffe9ff4-b997-480e-93ea-527d69f8a499-copy-6,EmsCraft24 Bilderrahmen Trikotrahmen 63 x 83 cm Schwarz mit Trikot Büg,Otto-Export 2026-10-08,vergeben
4255822600075,60007,SKU-5ffe9ff4-b997-480e-93ea-527d69f8a499-copy-7,EmsCraft24 Bilderrahmen Trikotrahmen 63 x 83 cm Schwarz mit Trikot Büg,Otto-Export 2026-10-08,vergeben
4255822600082,60008,EC24-TF-63x83-04,EmsCraft24 Bilderrahmen Trikotrahmen 63 x 83 cm Schwarz mit Trikot Büg,Otto-Export 2026-10-08,vergeben
4255822600099,60009,EC24-TF-63x83-02,EmsCraft24 Bilderrahmen Trikotrahmen mit Trikot Bügel 63 x 83 cm Schwa,Otto-Export 2026-10-08,vergeben
4255822600105,60010,SKU-5ffe9ff4-b997-480e-93ea-527d69f8a499-copy-3,EmsCraft24 Bilderrahmen Trikotrahmen mit Trikot Bügel Halterung 63 x 8,Otto-Export 2026-10-08,vergeben
4255822600112,60011,EC24-TF-63x83-05,EmsCraft24 Bilderrahmen Trikotrahmen Schwarz 63 x 83 cm mit Trikot Büg,Otto-Export 2026-10-08,vergeben
4255822600136,60013,Bialy-3-5kg-EC24-Kristalllampe,EmsCraft24 Nachttischlampe Kristall-Tischlampe Natürliches Licht Himal,Otto-Export 2026-10-08,vergeben
4255822600143,60014,EC24-190x190cm-IP,EmsCraft24 Sandkasten Sandkasten Sandkiste Sandbox Beach aus Massivhol,Otto-Export 2026-10-08,vergeben
4255822600150,60015,EC24-170x170cm-IP,EmsCraft24 Sandkasten Sandkasten Sandkiste Sandbox Beach aus Massivhol,Otto-Export 2026-10-08,vergeben
4255822600167,60016,EC24-150x150cm-IP,EmsCraft24 Sandkasten Sandkasten Sandkiste Sandbox Beach aus Massivhol,Otto-Export 2026-10-08,vergeben
4255822600174,60017,Noah-Gitterbett-Camaro,"EmsCraft24 Beistellbett Gitterbett, Babybett aus Holz, Höhenverstellba",Otto-Export 2026-10-08,vergeben
4255822600181,60018,SKU-55b2fd02-2dc8-489b-af77-514ec1d92e50,Clamaro Beistellbett Clamaro Besteillbett,Otto-Export 2026-10-08,vergeben
4255822600198,60019,Kristalllampe-6-9kg-EC24,EmsCraft24 Nachttischlampe Kristall-Tischlampe Natürliches Licht Himal,Otto-Export 2026-10-08,vergeben
4255822600204,60020,Kristalllampe-4-6kg-EC24,EmsCraft24 Nachttischlampe Kristall-Tischlampe Natürliches Licht Himal,Otto-Export 2026-10-08,vergeben
4255822600211,60021,Bialy-5-7kg-EC24-Kristalllampe,EmsCraft24 Nachttischlampe Kristall-Tischlampe Natürliches Licht Himal,Otto-Export 2026-10-08,vergeben
4255822600228,60022,Kristalllampe-5-7kg-EC24,EmsCraft24 Nachttischlampe Kristall-Tischlampe Natürliches Licht Himal,Otto-Export 2026-10-08,vergeben
4255822600235,60023,Bialy-2-3kg-EC24-Kristalllampe,EmsCraft24 Nachttischlampe Kristall-Tischlampe Natürliches Licht Himal,Otto-Export 2026-10-08,vergeben
4255822600242,60024,011_Beton_Optik_EC24,EmsCraft24 Wandpaneel Lamellenpaneel Akustik Akustikpaneel 2750x460x18,Otto-Export 2026-10-08,vergeben
4255822600242,60024,LampeSet-Kugel-USB-EC24,EmsCraft24 Salzkristall-Tischlampe Mini Kristall-Tischlampe Rund Natur,Otto-Export 2026-10-08,vergeben
4255822600259,60025,SKU-06c3f3be-eb42-4d80-adab-69fa5b532787,EmsCraft24 Schreibtischlampe Kristall-Tischlampe 5-7kg EmsCraft24 Natu,Otto-Export 2026-10-08,vergeben
4255822600266,60026,SKU-d522a8ab-9f7c-4268-a4d1-617473f0eaf9,EmsCraft24 Schreibtischlampe Kristall-Mondlampe RGB,Otto-Export 2026-10-08,vergeben
4255822600273,60027,SKU-9223b684-4413-4767-81ab-e114fa771c74,EmsCraft24 Schreibtischlampe Kristall-Mondlampe Rosa Salzkristall-Lamp,Otto-Export 2026-10-08,vergeben
4255822600327,60032,LampeSet-Kerzenhalter-EC24,EmsCraft24 Salzkristall-Tischlampe Mini Kristall-Tischlampe Rund Natur,Otto-Export 2026-10-08,vergeben
4255822600334,60033,LampeSet-Mond-USB-EC24,EmsCraft24 Salzkristall-Tischlampe Mini Kristall-Tischlampe Rund Natur,Otto-Export 2026-10-08,vergeben
4255822600341,60034,LampeSet-RGB-Mond-EC24,EmsCraft24 Salzkristall-Tischlampe Mini Kristall-Tischlampe Rund Natur,Otto-Export 2026-10-08,vergeben
4255822600358,60035,LampeSet-Helios-EC24,EmsCraft24 Salzkristall-Tischlampe Mini Kristall-Tischlampe Rund Natur,Otto-Export 2026-10-08,vergeben
4255822600365,60036,LampeSet-Luna-EC24,EmsCraft24 Salzkristall-Tischlampe Mini Kristall-Tischlampe Rund Natur,Otto-Export 2026-10-08,vergeben
4255822600426,60042,Dreirad-Trio-Schwarz,Clamaro Dreirad Kinder Dreirad 2in1 ab 1 Jahr Schwarz Matt Clamaro 'Bu,Otto-Export 2026-10-08,vergeben
4255822600754,60075,06_Eiche_Sonoma_EC24,EmsCraft24 Wandpaneel Lamellenpaneel Akustik Akustikpaneel 2750x460x18,Otto-Export 2026-10-08,vergeben
4255822600792,60079,035_Nussbaum_Bakersfield_EC24,EmsCraft24 Wandpaneel Lamellenpaneel Akustik Akustikpaneel 2750x460x18,Otto-Export 2026-10-08,vergeben
4255822600860,60086,020_Eiche_Delano_EC24,EmsCraft24 Wandpaneel Lamellenpaneel Akustik Akustikpaneel 2750x460x18,Otto-Export 2026-10-08,vergeben
4255822600976,60097,Cityroller_Orange/Weiß_EC24,"Clamaro Cityroller Kickscooter 205mm gefedert klappbar bis 100kg, höhe",Otto-Export 2026-10-08,vergeben
4255822600983,60098,Cityroller_Grün/Schwarz_EC24,"Clamaro Cityroller Kickscooter 205mm gefedert klappbar bis 100kg, höhe",Otto-Export 2026-10-08,vergeben
4255822600990,60099,Cityroller_Schwarz_EC24,"Clamaro Cityroller Kickscooter 205mm gefedert klappbar bis 100kg, höhe",Otto-Export 2026-10-08,vergeben
4255822601010,60101,SKU-5ffe9ff4-b997-480e-93ea-527d69f8a499,EmsCraft24 Bilderrahmen Trikotrahmen TrikotFrame 63x83cm EmsCraft24,Otto-Export 2026-10-08,vergeben
4255822601027,60102,Laufrad-EC24-1-Silber,"Clamaro Laufrad Lernlaufrad Roadstar Clamaro 12 Zoll Zoll, Laufrad Kin",Otto-Export 2026-10-08,vergeben
4255822601072,60107,EC24-TF-63x83-01,EmsCraft24 Bilderrahmen Trikotrahmen 63 x 83 cm mit Trikot Bügel Halte,Otto-Export 2026-10-08,vergeben
4255822601201,60120,Trikot-Nussbaum,EmsCraft24 Bilderrahmen Trikotrahmen 63 x 83 cm mit Trikot Bügel Halte,Otto-Export 2026-10-08,vergeben
4255822601218,60121,SKU-5ffe9ff4-b997-480e-93ea-527d69f8a499-copy-2,EmsCraft24 Bilderrahmen Trikotrahmen mit Trikot Bügel 63 x 83 cm Schwa,Otto-Export 2026-10-08,vergeben
4255822601225,60122,EC24-TF-63x83-03,EmsCraft24 Bilderrahmen Trikotrahmen mit Trikot Bügel Halterung 63 x 8,Otto-Export 2026-10-08,vergeben
4255822601232,60123,SKU-5ffe9ff4-b997-480e-93ea-527d69f8a499-copy-4,EmsCraft24 Bilderrahmen Trikotrahmen 63 x 83 cm Schwarz mit Trikot Büg,Otto-Export 2026-10-08,vergeben
4255822601249,60124,SKU-5ffe9ff4-b997-480e-93ea-527d69f8a499-copy-5,EmsCraft24 Bilderrahmen Trikotrahmen Schwarz 63 x 83 cm mit Trikot Büg,Otto-Export 2026-10-08,vergeben
4255822601263,60126,SKU-5ffe9ff4-b997-480e-93ea-527d69f8a499-copy-1,EmsCraft24 Bilderrahmen Bilderrahmen Trikotrahmen mit Bügel Halterung ,Otto-Export 2026-10-08,vergeben
4255822601294,60129,EC24_Wandspiegel_Weiß Matt,EmsCraft24 Wandspiegel Spiegel 60x40 cm Hoch- und Querformat Kunststof,Otto-Export 2026-10-08,vergeben
4255822601300,60130,EC24_Wandspiegel_Schwarz Matt,EmsCraft24 Wandspiegel Spiegel 60x40 cm Hoch- und Querformat Kunststof,Otto-Export 2026-10-08,vergeben
4255822601317,60131,EC24_Wandspiegel_Glänzend Gold,EmsCraft24 Wandspiegel Spiegel 60x40 cm Hoch- und Querformat Kunststof,Otto-Export 2026-10-08,vergeben
4255822601324,60132,Gehfrei_Türkis_EC24,Clamaro Lauflernwagen Gehfrei Lauflernhilfe – Sicherer Lauflernwagen f,Otto-Export 2026-10-08,vergeben
4255822601331,60133,Gehfrei_Schwarz_EC24,Clamaro Lauflernwagen Gehfrei Lauflernhilfe – Sicherer Lauflernwagen f,Otto-Export 2026-10-08,vergeben
4255822601348,60134,Dreirad-Trio-Bronze,Clamaro Dreirad Kinder Dreirad 2in1 ab 1 Jahr Schwarz Matt Clamaro 'Bu,Otto-Export 2026-10-08,vergeben
4255822601362,60136,EC24_Wandspiegel_Eiche Natur,EmsCraft24 Wandspiegel Spiegel 60x40 cm Hoch- und Querformat Kunststof,Otto-Export 2026-10-08,vergeben
4255822601379,60137,EC24_Wandspiegel_Eiche Catania,EmsCraft24 Wandspiegel Spiegel 60x40 cm Hoch- und Querformat Kunststof,Otto-Export 2026-10-08,vergeben
4255822601386,60138,SKU-5ffe9ff4-b997-480e-93ea-527d69f8a499-copy,EmsCraft24 Bilderrahmen Trikotrahmen 63 x 83 cm mit Trikot Bügel Halte,Otto-Export 2026-10-08,vergeben
4255822601393,60139,Trikot-Gold,EmsCraft24 Bilderrahmen Trikotrahmen 63 x 83 cm mit Trikot Bügel Halte,Otto-Export 2026-10-08,vergeben
4255822601409,60140,Trikot-Eiche-Naur,EmsCraft24 Bilderrahmen Trikotrahmen 63 x 83 cm mit Trikot Bügel Halte,Otto-Export 2026-10-08,vergeben
4255822601416,60141,Piccolino_mit_Schieber_EC24,"Clamaro Davoser Schlitten Piccolino Schlitten/Rodel Leichtmetall, bela",Otto-Export 2026-10-08,vergeben
4255822601423,60142,Piccolino_ohne_Schieber_EC24,"Clamaro Davoser Schlitten Piccolino Schlitten/Rodel Leichtmetall, bela",Otto-Export 2026-10-08,vergeben
4255822601447,60144,EC24_Wandspiegel_Schwarz Matt_70x50,EmsCraft24 Wandspiegel Spiegel 70x50 cm Hoch- und Querformat Kunstoffs,Otto-Export 2026-10-08,vergeben
4255822601454,60145,EC24_Wandspiegel_Eiche Natur_70x50,EmsCraft24 Wandspiegel Spiegel 70x50 cm Hoch- und Querformat Kunstoffs,Otto-Export 2026-10-08,vergeben
4255822601461,60146,EC24_Wandspiegel_Eiche Catania_70x50,EmsCraft24 Wandspiegel Spiegel 70x50 cm Hoch- und Querformat Kunstoffs,Otto-Export 2026-10-08,vergeben
4255822601478,60147,EC24_Wandspiegel_Glänzend Gold_70x50,EmsCraft24 Wandspiegel Spiegel 70x50 cm Hoch- und Querformat Kunstoffs,Otto-Export 2026-10-08,vergeben
4255822601485,60148,EC24_Wandspiegel_Weiß Matt_70x50,EmsCraft24 Wandspiegel Spiegel 70x50 cm Hoch- und Querformat Kunstoffs,Otto-Export 2026-10-08,vergeben
4255822601492,60149,029_Eiche_Enkel_EC24,EmsCraft24 Wandpaneel Lamellenpaneel Akustik Akustikpaneel 2750x460x18,Otto-Export 2026-10-08,vergeben
4255822601508,60150,017_Eiche_Catania_EC24,EmsCraft24 Wandpaneel Lamellenpaneel Akustik Akustikpaneel 2750x460x18,Otto-Export 2026-10-08,vergeben
4255822601515,60151,028_Eiche_Artisan_EC24,EmsCraft24 Wandpaneel Lamellenpaneel Akustik Akustikpaneel 2750x460x18,Otto-Export 2026-10-08,vergeben
4255822601522,60152,030_Anthrazit_EC24,EmsCraft24 Wandpaneel Lamellenpaneel Akustik Akustikpaneel 2750x460x18,Otto-Export 2026-10-08,vergeben
4255822601539,60153,018_Eiche_Wotan_EC24,EmsCraft24 Wandpaneel Lamellenpaneel Akustik Akustikpaneel 2750x460x18,Otto-Export 2026-10-08,vergeben
4255822601546,60154,026_Helle_Lavendel_EC24,EmsCraft24 Wandpaneel Lamellenpaneel Akustik Akustikpaneel 2750x460x18,Otto-Export 2026-10-08,vergeben
4255822601553,60155,013_Gold_mit_Struktur_EC24,EmsCraft24 Wandpaneel Lamellenpaneel Akustik Akustikpaneel 2750x460x18,Otto-Export 2026-10-08,vergeben
4255822601591,60159,Kristalllampe-LUNA-EC24,EmsCraft24 Nachttischlampe Kristall-Tischlampe Natürliches Licht Himal,Otto-Export 2026-10-08,vergeben
4255822601607,60160,Kristalllampe-2-3kg-EC24,EmsCraft24 Nachttischlampe Kristall-Tischlampe Natürliches Licht Himal,Otto-Export 2026-10-08,vergeben
4255822601621,60162,Kristalllampe-3-5kg-EC24,EmsCraft24 Nachttischlampe Kristall-Tischlampe Natürliches Licht Himal,Otto-Export 2026-10-08,vergeben
4255822601690,60169,Kristalllampe-Mini-EC24,EmsCraft24 Salzkristall-Tischlampe Mini Kristall-Tischlampe Rund Natur,Otto-Export 2026-10-08,vergeben
4255822601706,60170,Bialy-1-2kg-EC24-Kristalllampe,EmsCraft24 Nachttischlampe Kristall-Tischlampe Natürliches Licht Himal,Otto-Export 2026-10-08,vergeben
4255822601751,60175,031_Eiche_Gold_EC24,EmsCraft24 Wandpaneel Lamellenpaneel Akustik Akustikpaneel 2750x460x18,Otto-Export 2026-10-08,vergeben
4255822601812,60181,Kristalllampe-1-2kg-EC24,EmsCraft24 Nachttischlampe Kristall-Tischlampe Natürliches Licht Himal,Otto-Export 2026-10-08,vergeben
4255822601829,60182,S02-KLARO-WEISS-MATT-60x40,EmsCraft24 Wandspiegel 2er Set 60x40 cm Weiß Matt | bruchsicherer Kuns,data/spiegel_sets_texte_charge1.csv,vergeben
4255822601836,60183,S02-KLARO-SCHWARZ-MATT-60x40,EmsCraft24 Wandspiegel 2er Set 60x40 cm Schwarz Matt | bruchsicherer K,data/spiegel_sets_texte_charge1.csv,vergeben
4255822601843,60184,S02-KLARO-EICHE-CATANIA-60x40,EmsCraft24 Wandspiegel 2er Set 60x40 cm Eiche Catania | bruchsicherer ,data/spiegel_sets_texte_charge1.csv,vergeben
4255822601850,60185,S02-KLARO-EICHE-NATUR-60x40,EmsCraft24 Wandspiegel 2er Set 60x40 cm Eiche Natur | bruchsicherer Ku,data/spiegel_sets_texte_charge1.csv,vergeben
4255822601867,60186,S02-KLARO-GOLD-GLAENZEND-60x40,EmsCraft24 Wandspiegel 2er Set 60x40 cm Gold Glänzend | bruchsicherer ,data/spiegel_sets_texte_charge1.csv,vergeben
4255822601874,60187,S03-KLARO-WEISS-MATT-60x40,EmsCraft24 Wandspiegel 3er Set 60x40 cm Weiß Matt | bruchsicherer Kuns,data/spiegel_sets_texte_charge1.csv,vergeben
4255822601881,60188,S03-KLARO-SCHWARZ-MATT-60x40,EmsCraft24 Wandspiegel 3er Set 60x40 cm Schwarz Matt | bruchsicherer K,data/spiegel_sets_texte_charge1.csv,vergeben
4255822601898,60189,S03-KLARO-EICHE-CATANIA-60x40,EmsCraft24 Wandspiegel 3er Set 60x40 cm Eiche Catania | bruchsicherer ,data/spiegel_sets_texte_charge1.csv,vergeben
4255822601904,60190,S03-KLARO-EICHE-NATUR-60x40,EmsCraft24 Wandspiegel 3er Set 60x40 cm Eiche Natur | bruchsicherer Ku,data/spiegel_sets_texte_charge1.csv,vergeben
4255822601911,60191,S03-KLARO-GOLD-GLAENZEND-60x40,EmsCraft24 Wandspiegel 3er Set 60x40 cm Gold Glänzend | bruchsicherer ,data/spiegel_sets_texte_charge1.csv,vergeben
4255822601928,60192,GS01-SALZ-DUO-1-2KG,EmsCraft24 Salzlampe Set 2er (je 1-2 kg) | Nachtlicht Himalaya Salzkri,data/salzlampen_geschenksets_texte.csv,vergeben
4255822601935,60193,GS02-SALZ-DUO-2-3KG,EmsCraft24 Salzlampe Set 2er (je 2-3 kg) | Nachtlicht Himalaya Salzkri,data/salzlampen_geschenksets_texte.csv,vergeben
4255822601942,60194,GS03-SALZ-DUO-3-5KG,EmsCraft24 Salzlampe Set 2er (je 3-5 kg) | Nachtlicht Himalaya Salzkri,data/salzlampen_geschenksets_texte.csv,vergeben
4255822601959,60195,GS04-SALZ-DUO-WEISS-2-3KG,EmsCraft24 Salzlampe Weiß Set 2er (je 2-3 kg) | Nachtlicht Himalaya Sa,data/salzlampen_geschenksets_texte.csv,vergeben
4255822601966,60196,GS05-SALZ-MINI-TRIO,"EmsCraft24 Mini Salzlampe Set 3er (Herz, Mond, Salzstein) | Nachtlicht",data/salzlampen_geschenksets_texte.csv,vergeben
4255822601973,60197,GS06-SALZ-MINI-MOND-DUO,EmsCraft24 Mini Salzlampe Set 2er (Mond und Mond RGB) | Nachtlicht Him,data/salzlampen_geschenksets_texte.csv,vergeben
4255822601980,60198,GS07-SALZ-1-2KG-PLUS-MINI,EmsCraft24 Salzlampe Set (1-2 kg und Mini Herz) | Nachtlicht Himalaya ,data/salzlampen_geschenksets_texte.csv,vergeben
4255822601997,60199,GS08-SALZ-2-3KG-PLUS-MINI,EmsCraft24 Salzlampe Set (2-3 kg und Mini Mond) | Nachtlicht Himalaya ,data/salzlampen_geschenksets_texte.csv,vergeben
