sku,asin_oder_neu,parent_sku,marktplatz,sprache,marke,produkttyp,titel,bullet_1,bullet_2,bullet_3,bullet_4,bullet_5,beschreibung_a_plus,suchbegriffe,gtin_ean,kategorie,farbe,groesse,material,preis_eur,bestand,fulfillment,bild_haupt,bild_2,bild_3,bild_4,bild_5,bild_6,bild_7,status,charge,benchmark_asin,form,montageart,rahmenmaterial
S02-KLARO-WEISS-MATT-60x40,neu,S02-KLARO-60x40-PARENT,Amazon DE;Otto;eBay,de,EmsCraft24,Wandspiegel,EmsCraft24 Wandspiegel 2er Set 60x40 cm Weiß Matt | bruchsicherer Kunststoffspiegel | Hoch- und Querformat | Flur Wohnzimmer Bad,"2 SPIEGEL IM SET: Zwei Wandspiegel in Weiß Matt, je 60 x 40 cm, einheitlich in einer Farbe, ideal für eine Spiegelgruppe im Flur, Wohnzimmer, Schlafzimmer oder Bad","BRUCHSICHER UND SPLITTERFREI: Kunststoffspiegel statt Glas, leicht, robust und langlebig, kein Glasbruch beim Transport und bei der Montage","HOCH- ODER QUERFORMAT: jeder Spiegel misst 60 x 40 cm und lässt sich senkrecht oder waagerecht anbringen, so entsteht eine hell und freundlich Wandgestaltung, die zu skandinavischen, hellen und modernen Einrichtungen passt","KOMPLETTES AUFHÄNGESET INKLUSIVE: Aufhänger, Schrauben und Dübel liegen bei, die Spiegel werden an der Wand befestigt und sind für Hoch- und Querformat geeignet","HANDGEFERTIGT IN DEUTSCHLAND: gefertigt von EmsCraft24, mit dem Anspruch an saubere Kanten und eine gleichmäßige Spiegelfläche","Mit dem 2er Set Wandspiegel 60x40 cm in Weiß Matt gestaltest du eine Spiegelwand aus zwei gleichen Spiegeln. Die Spiegel bestehen aus bruchsicherem, splitterfreiem Kunststoff und sind deutlich leichter als Glasspiegel. Jeder Spiegel passt hochkant und quer, sodass du Reihen, Gruppen oder versetzte Anordnungen frei planen kannst. Die Farbe Weiß Matt wirkt hell und freundlich und passt zu skandinavischen, hellen und modernen Einrichtungen.",Spiegelset Spiegelwand Wanddeko Flurspiegel Badspiegel Schlafzimmerspiegel Dekospiegel unzerbrechlich leicht rechteckig Wohnzimmer Spiegelgruppe,4255822601829,"Küche, Haushalt & Wohnen > Spiegel",Weiß Matt,60 x 40 cm,Kunststoffspiegel,49.99,[Bestand offen],FBM,,,,,,,,Entwurf,1,B0H1GVXBR4,,,MDF
S02-KLARO-SCHWARZ-MATT-60x40,neu,S02-KLARO-60x40-PARENT,Amazon DE;Otto;eBay,de,EmsCraft24,Wandspiegel,EmsCraft24 Wandspiegel 2er Set 60x40 cm Schwarz Matt | bruchsicherer Kunststoffspiegel | Hoch- und Querformat | Flur Wohnzimmer Bad,"2 SPIEGEL IM SET: Zwei Wandspiegel in Schwarz Matt, je 60 x 40 cm, einheitlich in einer Farbe, ideal für eine Spiegelgruppe im Flur, Wohnzimmer, Schlafzimmer oder Bad","BRUCHSICHER UND SPLITTERFREI: Kunststoffspiegel statt Glas, leicht, robust und langlebig, kein Glasbruch beim Transport und bei der Montage","HOCH- ODER QUERFORMAT: jeder Spiegel misst 60 x 40 cm und lässt sich senkrecht oder waagerecht anbringen, so entsteht eine klar und markant Wandgestaltung, die zu modernen, industriellen und minimalistischen Einrichtungen passt","KOMPLETTES AUFHÄNGESET INKLUSIVE: Aufhänger, Schrauben und Dübel liegen bei, die Spiegel werden an der Wand befestigt und sind für Hoch- und Querformat geeignet","HANDGEFERTIGT IN DEUTSCHLAND: gefertigt von EmsCraft24, mit dem Anspruch an saubere Kanten und eine gleichmäßige Spiegelfläche","Mit dem 2er Set Wandspiegel 60x40 cm in Schwarz Matt gestaltest du eine Spiegelwand aus zwei gleichen Spiegeln. Die Spiegel bestehen aus bruchsicherem, splitterfreiem Kunststoff und sind deutlich leichter als Glasspiegel. Jeder Spiegel passt hochkant und quer, sodass du Reihen, Gruppen oder versetzte Anordnungen frei planen kannst. Die Farbe Schwarz Matt wirkt klar und markant und passt zu modernen, industriellen und minimalistischen Einrichtungen.",Spiegelset Spiegelwand Wanddeko Flurspiegel Badspiegel Schlafzimmerspiegel Dekospiegel unzerbrechlich leicht rechteckig Wohnzimmer Spiegelgruppe,4255822601836,"Küche, Haushalt & Wohnen > Spiegel",Schwarz Matt,60 x 40 cm,Kunststoffspiegel,49.99,[Bestand offen],FBM,,,,,,,,Entwurf,1,B0H1HHQ6RM,,,MDF
S02-KLARO-EICHE-CATANIA-60x40,neu,S02-KLARO-60x40-PARENT,Amazon DE;Otto;eBay,de,EmsCraft24,Wandspiegel,EmsCraft24 Wandspiegel 2er Set 60x40 cm Eiche Catania | bruchsicherer Kunststoffspiegel | Hoch- und Querformat | Flur Wohnzimmer Bad,"2 SPIEGEL IM SET: Zwei Wandspiegel in Eiche Catania, je 60 x 40 cm, einheitlich in einer Farbe, ideal für eine Spiegelgruppe im Flur, Wohnzimmer, Schlafzimmer oder Bad","BRUCHSICHER UND SPLITTERFREI: Kunststoffspiegel statt Glas, leicht, robust und langlebig, kein Glasbruch beim Transport und bei der Montage","HOCH- ODER QUERFORMAT: jeder Spiegel misst 60 x 40 cm und lässt sich senkrecht oder waagerecht anbringen, so entsteht eine warm und natürlich Wandgestaltung, die zu warmen, wohnlichen Einrichtungen mit Holzakzenten passt","KOMPLETTES AUFHÄNGESET INKLUSIVE: Aufhänger, Schrauben und Dübel liegen bei, die Spiegel werden an der Wand befestigt und sind für Hoch- und Querformat geeignet","HANDGEFERTIGT IN DEUTSCHLAND: gefertigt von EmsCraft24, mit dem Anspruch an saubere Kanten und eine gleichmäßige Spiegelfläche","Mit dem 2er Set Wandspiegel 60x40 cm in Eiche Catania gestaltest du eine Spiegelwand aus zwei gleichen Spiegeln. Die Spiegel bestehen aus bruchsicherem, splitterfreiem Kunststoff und sind deutlich leichter als Glasspiegel. Jeder Spiegel passt hochkant und quer, sodass du Reihen, Gruppen oder versetzte Anordnungen frei planen kannst. Die Farbe Eiche Catania wirkt warm und natürlich und passt zu warmen, wohnlichen Einrichtungen mit Holzakzenten.",Spiegelset Spiegelwand Wanddeko Flurspiegel Badspiegel Schlafzimmerspiegel Dekospiegel unzerbrechlich leicht rechteckig Wohnzimmer Spiegelgruppe,4255822601843,"Küche, Haushalt & Wohnen > Spiegel",Eiche Catania,60 x 40 cm,Kunststoffspiegel,49.99,[Bestand offen],FBM,,,,,,,,Entwurf,1,B0H1GVQGK5,,,MDF
S02-KLARO-EICHE-NATUR-60x40,neu,S02-KLARO-60x40-PARENT,Amazon DE;Otto;eBay,de,EmsCraft24,Wandspiegel,EmsCraft24 Wandspiegel 2er Set 60x40 cm Eiche Natur | bruchsicherer Kunststoffspiegel | Hoch- und Querformat | Flur Wohnzimmer Bad,"2 SPIEGEL IM SET: Zwei Wandspiegel in Eiche Natur, je 60 x 40 cm, einheitlich in einer Farbe, ideal für eine Spiegelgruppe im Flur, Wohnzimmer, Schlafzimmer oder Bad","BRUCHSICHER UND SPLITTERFREI: Kunststoffspiegel statt Glas, leicht, robust und langlebig, kein Glasbruch beim Transport und bei der Montage","HOCH- ODER QUERFORMAT: jeder Spiegel misst 60 x 40 cm und lässt sich senkrecht oder waagerecht anbringen, so entsteht eine natürlich und ruhig Wandgestaltung, die zu natürlichen Einrichtungen im Landhaus- und Holzstil passt","KOMPLETTES AUFHÄNGESET INKLUSIVE: Aufhänger, Schrauben und Dübel liegen bei, die Spiegel werden an der Wand befestigt und sind für Hoch- und Querformat geeignet","HANDGEFERTIGT IN DEUTSCHLAND: gefertigt von EmsCraft24, mit dem Anspruch an saubere Kanten und eine gleichmäßige Spiegelfläche","Mit dem 2er Set Wandspiegel 60x40 cm in Eiche Natur gestaltest du eine Spiegelwand aus zwei gleichen Spiegeln. Die Spiegel bestehen aus bruchsicherem, splitterfreiem Kunststoff und sind deutlich leichter als Glasspiegel. Jeder Spiegel passt hochkant und quer, sodass du Reihen, Gruppen oder versetzte Anordnungen frei planen kannst. Die Farbe Eiche Natur wirkt natürlich und ruhig und passt zu natürlichen Einrichtungen im Landhaus- und Holzstil.",Spiegelset Spiegelwand Wanddeko Flurspiegel Badspiegel Schlafzimmerspiegel Dekospiegel unzerbrechlich leicht rechteckig Wohnzimmer Spiegelgruppe,4255822601850,"Küche, Haushalt & Wohnen > Spiegel",Eiche Natur,60 x 40 cm,Kunststoffspiegel,49.99,[Bestand offen],FBM,,,,,,,,Entwurf,1,B0HFJLKKJF,,,MDF
S02-KLARO-GOLD-GLAENZEND-60x40,neu,S02-KLARO-60x40-PARENT,Amazon DE;Otto;eBay,de,EmsCraft24,Wandspiegel,EmsCraft24 Wandspiegel 2er Set 60x40 cm Gold Glänzend | bruchsicherer Kunststoffspiegel | Hoch- und Querformat | Flur Wohnzimmer Bad,"2 SPIEGEL IM SET: Zwei Wandspiegel in Gold Glänzend, je 60 x 40 cm, einheitlich in einer Farbe, ideal für eine Spiegelgruppe im Flur, Wohnzimmer, Schlafzimmer oder Bad","BRUCHSICHER UND SPLITTERFREI: Kunststoffspiegel statt Glas, leicht, robust und langlebig, kein Glasbruch beim Transport und bei der Montage","HOCH- ODER QUERFORMAT: jeder Spiegel misst 60 x 40 cm und lässt sich senkrecht oder waagerecht anbringen, so entsteht eine elegant und glänzend Wandgestaltung, die zu eleganten Einrichtungen mit Gold- und Messing-Akzenten passt","KOMPLETTES AUFHÄNGESET INKLUSIVE: Aufhänger, Schrauben und Dübel liegen bei, die Spiegel werden an der Wand befestigt und sind für Hoch- und Querformat geeignet","HANDGEFERTIGT IN DEUTSCHLAND: gefertigt von EmsCraft24, mit dem Anspruch an saubere Kanten und eine gleichmäßige Spiegelfläche","Mit dem 2er Set Wandspiegel 60x40 cm in Gold Glänzend gestaltest du eine Spiegelwand aus zwei gleichen Spiegeln. Die Spiegel bestehen aus bruchsicherem, splitterfreiem Kunststoff und sind deutlich leichter als Glasspiegel. Jeder Spiegel passt hochkant und quer, sodass du Reihen, Gruppen oder versetzte Anordnungen frei planen kannst. Die Farbe Gold Glänzend wirkt elegant und glänzend und passt zu eleganten Einrichtungen mit Gold- und Messing-Akzenten.",Spiegelset Spiegelwand Wanddeko Flurspiegel Badspiegel Schlafzimmerspiegel Dekospiegel unzerbrechlich leicht rechteckig Wohnzimmer Spiegelgruppe,4255822601867,"Küche, Haushalt & Wohnen > Spiegel",Gold Glänzend,60 x 40 cm,Kunststoffspiegel,49.99,[Bestand offen],FBM,,,,,,,,Entwurf,1,B0HFJPFLW8,,,MDF
S03-KLARO-WEISS-MATT-60x40,neu,S03-KLARO-60x40-PARENT,Amazon DE;Otto;eBay,de,EmsCraft24,Wandspiegel,EmsCraft24 Wandspiegel 3er Set 60x40 cm Weiß Matt | bruchsicherer Kunststoffspiegel | Hoch- und Querformat | Flur Wohnzimmer Bad,"3 SPIEGEL IM SET: Drei Wandspiegel in Weiß Matt, je 60 x 40 cm, einheitlich in einer Farbe, ideal für eine Spiegelgruppe im Flur, Wohnzimmer, Schlafzimmer oder Bad","BRUCHSICHER UND SPLITTERFREI: Kunststoffspiegel statt Glas, leicht, robust und langlebig, kein Glasbruch beim Transport und bei der Montage","HOCH- ODER QUERFORMAT: jeder Spiegel misst 60 x 40 cm und lässt sich senkrecht oder waagerecht anbringen, so entsteht eine hell und freundlich Wandgestaltung, die zu skandinavischen, hellen und modernen Einrichtungen passt","KOMPLETTES AUFHÄNGESET INKLUSIVE: Aufhänger, Schrauben und Dübel liegen bei, die Spiegel werden an der Wand befestigt und sind für Hoch- und Querformat geeignet","HANDGEFERTIGT IN DEUTSCHLAND: gefertigt von EmsCraft24, mit dem Anspruch an saubere Kanten und eine gleichmäßige Spiegelfläche","Mit dem 3er Set Wandspiegel 60x40 cm in Weiß Matt gestaltest du eine Spiegelwand aus drei gleichen Spiegeln. Die Spiegel bestehen aus bruchsicherem, splitterfreiem Kunststoff und sind deutlich leichter als Glasspiegel. Jeder Spiegel passt hochkant und quer, sodass du Reihen, Gruppen oder versetzte Anordnungen frei planen kannst. Die Farbe Weiß Matt wirkt hell und freundlich und passt zu skandinavischen, hellen und modernen Einrichtungen.",Spiegelset Spiegelwand Wanddeko Flurspiegel Badspiegel Schlafzimmerspiegel Dekospiegel unzerbrechlich leicht rechteckig Wohnzimmer Spiegelgruppe,4255822601874,"Küche, Haushalt & Wohnen > Spiegel",Weiß Matt,60 x 40 cm,Kunststoffspiegel,74.99,[Bestand offen],FBM,,,,,,,,Entwurf,1,B0H1GVXBR4,,,MDF
S03-KLARO-SCHWARZ-MATT-60x40,neu,S03-KLARO-60x40-PARENT,Amazon DE;Otto;eBay,de,EmsCraft24,Wandspiegel,EmsCraft24 Wandspiegel 3er Set 60x40 cm Schwarz Matt | bruchsicherer Kunststoffspiegel | Hoch- und Querformat | Flur Wohnzimmer Bad,"3 SPIEGEL IM SET: Drei Wandspiegel in Schwarz Matt, je 60 x 40 cm, einheitlich in einer Farbe, ideal für eine Spiegelgruppe im Flur, Wohnzimmer, Schlafzimmer oder Bad","BRUCHSICHER UND SPLITTERFREI: Kunststoffspiegel statt Glas, leicht, robust und langlebig, kein Glasbruch beim Transport und bei der Montage","HOCH- ODER QUERFORMAT: jeder Spiegel misst 60 x 40 cm und lässt sich senkrecht oder waagerecht anbringen, so entsteht eine klar und markant Wandgestaltung, die zu modernen, industriellen und minimalistischen Einrichtungen passt","KOMPLETTES AUFHÄNGESET INKLUSIVE: Aufhänger, Schrauben und Dübel liegen bei, die Spiegel werden an der Wand befestigt und sind für Hoch- und Querformat geeignet","HANDGEFERTIGT IN DEUTSCHLAND: gefertigt von EmsCraft24, mit dem Anspruch an saubere Kanten und eine gleichmäßige Spiegelfläche","Mit dem 3er Set Wandspiegel 60x40 cm in Schwarz Matt gestaltest du eine Spiegelwand aus drei gleichen Spiegeln. Die Spiegel bestehen aus bruchsicherem, splitterfreiem Kunststoff und sind deutlich leichter als Glasspiegel. Jeder Spiegel passt hochkant und quer, sodass du Reihen, Gruppen oder versetzte Anordnungen frei planen kannst. Die Farbe Schwarz Matt wirkt klar und markant und passt zu modernen, industriellen und minimalistischen Einrichtungen.",Spiegelset Spiegelwand Wanddeko Flurspiegel Badspiegel Schlafzimmerspiegel Dekospiegel unzerbrechlich leicht rechteckig Wohnzimmer Spiegelgruppe,4255822601881,"Küche, Haushalt & Wohnen > Spiegel",Schwarz Matt,60 x 40 cm,Kunststoffspiegel,74.99,[Bestand offen],FBM,,,,,,,,Entwurf,1,B0H1HHQ6RM,,,MDF
S03-KLARO-EICHE-CATANIA-60x40,neu,S03-KLARO-60x40-PARENT,Amazon DE;Otto;eBay,de,EmsCraft24,Wandspiegel,EmsCraft24 Wandspiegel 3er Set 60x40 cm Eiche Catania | bruchsicherer Kunststoffspiegel | Hoch- und Querformat | Flur Wohnzimmer Bad,"3 SPIEGEL IM SET: Drei Wandspiegel in Eiche Catania, je 60 x 40 cm, einheitlich in einer Farbe, ideal für eine Spiegelgruppe im Flur, Wohnzimmer, Schlafzimmer oder Bad","BRUCHSICHER UND SPLITTERFREI: Kunststoffspiegel statt Glas, leicht, robust und langlebig, kein Glasbruch beim Transport und bei der Montage","HOCH- ODER QUERFORMAT: jeder Spiegel misst 60 x 40 cm und lässt sich senkrecht oder waagerecht anbringen, so entsteht eine warm und natürlich Wandgestaltung, die zu warmen, wohnlichen Einrichtungen mit Holzakzenten passt","KOMPLETTES AUFHÄNGESET INKLUSIVE: Aufhänger, Schrauben und Dübel liegen bei, die Spiegel werden an der Wand befestigt und sind für Hoch- und Querformat geeignet","HANDGEFERTIGT IN DEUTSCHLAND: gefertigt von EmsCraft24, mit dem Anspruch an saubere Kanten und eine gleichmäßige Spiegelfläche","Mit dem 3er Set Wandspiegel 60x40 cm in Eiche Catania gestaltest du eine Spiegelwand aus drei gleichen Spiegeln. Die Spiegel bestehen aus bruchsicherem, splitterfreiem Kunststoff und sind deutlich leichter als Glasspiegel. Jeder Spiegel passt hochkant und quer, sodass du Reihen, Gruppen oder versetzte Anordnungen frei planen kannst. Die Farbe Eiche Catania wirkt warm und natürlich und passt zu warmen, wohnlichen Einrichtungen mit Holzakzenten.",Spiegelset Spiegelwand Wanddeko Flurspiegel Badspiegel Schlafzimmerspiegel Dekospiegel unzerbrechlich leicht rechteckig Wohnzimmer Spiegelgruppe,4255822601898,"Küche, Haushalt & Wohnen > Spiegel",Eiche Catania,60 x 40 cm,Kunststoffspiegel,74.99,[Bestand offen],FBM,,,,,,,,Entwurf,1,B0H1GVQGK5,,,MDF
S03-KLARO-EICHE-NATUR-60x40,neu,S03-KLARO-60x40-PARENT,Amazon DE;Otto;eBay,de,EmsCraft24,Wandspiegel,EmsCraft24 Wandspiegel 3er Set 60x40 cm Eiche Natur | bruchsicherer Kunststoffspiegel | Hoch- und Querformat | Flur Wohnzimmer Bad,"3 SPIEGEL IM SET: Drei Wandspiegel in Eiche Natur, je 60 x 40 cm, einheitlich in einer Farbe, ideal für eine Spiegelgruppe im Flur, Wohnzimmer, Schlafzimmer oder Bad","BRUCHSICHER UND SPLITTERFREI: Kunststoffspiegel statt Glas, leicht, robust und langlebig, kein Glasbruch beim Transport und bei der Montage","HOCH- ODER QUERFORMAT: jeder Spiegel misst 60 x 40 cm und lässt sich senkrecht oder waagerecht anbringen, so entsteht eine natürlich und ruhig Wandgestaltung, die zu natürlichen Einrichtungen im Landhaus- und Holzstil passt","KOMPLETTES AUFHÄNGESET INKLUSIVE: Aufhänger, Schrauben und Dübel liegen bei, die Spiegel werden an der Wand befestigt und sind für Hoch- und Querformat geeignet","HANDGEFERTIGT IN DEUTSCHLAND: gefertigt von EmsCraft24, mit dem Anspruch an saubere Kanten und eine gleichmäßige Spiegelfläche","Mit dem 3er Set Wandspiegel 60x40 cm in Eiche Natur gestaltest du eine Spiegelwand aus drei gleichen Spiegeln. Die Spiegel bestehen aus bruchsicherem, splitterfreiem Kunststoff und sind deutlich leichter als Glasspiegel. Jeder Spiegel passt hochkant und quer, sodass du Reihen, Gruppen oder versetzte Anordnungen frei planen kannst. Die Farbe Eiche Natur wirkt natürlich und ruhig und passt zu natürlichen Einrichtungen im Landhaus- und Holzstil.",Spiegelset Spiegelwand Wanddeko Flurspiegel Badspiegel Schlafzimmerspiegel Dekospiegel unzerbrechlich leicht rechteckig Wohnzimmer Spiegelgruppe,4255822601904,"Küche, Haushalt & Wohnen > Spiegel",Eiche Natur,60 x 40 cm,Kunststoffspiegel,74.99,[Bestand offen],FBM,,,,,,,,Entwurf,1,B0HFJLKKJF,,,MDF
S03-KLARO-GOLD-GLAENZEND-60x40,neu,S03-KLARO-60x40-PARENT,Amazon DE;Otto;eBay,de,EmsCraft24,Wandspiegel,EmsCraft24 Wandspiegel 3er Set 60x40 cm Gold Glänzend | bruchsicherer Kunststoffspiegel | Hoch- und Querformat | Flur Wohnzimmer Bad,"3 SPIEGEL IM SET: Drei Wandspiegel in Gold Glänzend, je 60 x 40 cm, einheitlich in einer Farbe, ideal für eine Spiegelgruppe im Flur, Wohnzimmer, Schlafzimmer oder Bad","BRUCHSICHER UND SPLITTERFREI: Kunststoffspiegel statt Glas, leicht, robust und langlebig, kein Glasbruch beim Transport und bei der Montage","HOCH- ODER QUERFORMAT: jeder Spiegel misst 60 x 40 cm und lässt sich senkrecht oder waagerecht anbringen, so entsteht eine elegant und glänzend Wandgestaltung, die zu eleganten Einrichtungen mit Gold- und Messing-Akzenten passt","KOMPLETTES AUFHÄNGESET INKLUSIVE: Aufhänger, Schrauben und Dübel liegen bei, die Spiegel werden an der Wand befestigt und sind für Hoch- und Querformat geeignet","HANDGEFERTIGT IN DEUTSCHLAND: gefertigt von EmsCraft24, mit dem Anspruch an saubere Kanten und eine gleichmäßige Spiegelfläche","Mit dem 3er Set Wandspiegel 60x40 cm in Gold Glänzend gestaltest du eine Spiegelwand aus drei gleichen Spiegeln. Die Spiegel bestehen aus bruchsicherem, splitterfreiem Kunststoff und sind deutlich leichter als Glasspiegel. Jeder Spiegel passt hochkant und quer, sodass du Reihen, Gruppen oder versetzte Anordnungen frei planen kannst. Die Farbe Gold Glänzend wirkt elegant und glänzend und passt zu eleganten Einrichtungen mit Gold- und Messing-Akzenten.",Spiegelset Spiegelwand Wanddeko Flurspiegel Badspiegel Schlafzimmerspiegel Dekospiegel unzerbrechlich leicht rechteckig Wohnzimmer Spiegelgruppe,4255822601911,"Küche, Haushalt & Wohnen > Spiegel",Gold Glänzend,60 x 40 cm,Kunststoffspiegel,74.99,[Bestand offen],FBM,,,,,,,,Entwurf,1,B0HFJPFLW8,,,MDF
