sku,asin_oder_neu,parent_sku,marktplatz,sprache,marke,produkttyp,titel,bullet_1,bullet_2,bullet_3,bullet_4,bullet_5,beschreibung_a_plus,suchbegriffe,gtin_ean,kategorie,farbe,groesse,material,preis_eur,bestand,fulfillment,bild_haupt,bild_2,bild_3,bild_4,bild_5,bild_6,bild_7,status,charge,benchmark_asin
TrikotFrame_EC24_Eiche Natur,B0HGRD35L5,TrikotFrame_EC24_Trikotrahmen,Amazon DE,de,EmsCraft24,Bilderrahmen,EmsCraft24 Trikotrahmen 63x83 cm Eiche Natur | Rahmen für Trikot mit Bügel und Schablone | MDF-Holz | Fan-Geschenk,"RAHMEN FÜR DEIN TRIKOT: Trikotrahmen in Eiche Natur, Außenmaß 63 x 83 cm, zum Einrahmen und Aufhängen deines Lieblingstrikots",TRIKOT-BÜGEL UND SCHABLONE INKLUSIVE: mit Bügel und Schablone legst du das Trikot gleichmäßig und faltenarm ein [Funktionsweise kurz ergänzen],"MDF-HOLZ RAHMEN IN EICHE NATUR: Rahmen aus MDF-Holz, natürlich und ruhig, passt zu hellen Räumen und Holzmöbeln","GESCHENKIDEE FÜR FANS: für Geburtstag, Weihnachten oder als Erinnerung an das Lieblingsteam, Lieferung im Karton ohne Geschenkverpackung","MASSE UND MONTAGE: Außenmaß 63 x 83 cm, [Innenmaß, Tiefe und passende Trikotgrößen ergänzen], [Aufhängung ergänzen]","Der Trikotrahmen in Eiche Natur zeigt dein Lieblingstrikot als Wanddeko. Mit dem mitgelieferten Trikot-Bügel und der Schablone legst du das Trikot sauber in den Rahmen ein. Der Rahmen besteht aus MDF-Holz und ist natürlich und ruhig, passt zu hellen Räumen und Holzmöbeln. Außenmaß 63 x 83 cm. Eine Geschenkidee für Fans, Sammler und Vereinsmitglieder (Lieferung im Karton, ohne Geschenkverpackung).",Trikot Rahmen Trikotrahmen Fußballtrikot Sporttrikot einrahmen Trikotbügel Wandrahmen Fanartikel Fanzimmer Geschenkidee Fußballfan Sammler Bilderrahmen groß,bestehend,"Küche, Haushalt & Wohnen > Bilderrahmen",Eiche Natur,63 x 83 cm,MDF-Holz,59.99,[Bestand prüfen],FBA oder FBM,,,,,,,,Update,3,B0HGRD35L5
TrikotFrame_EC24_Gold,B0HGRH93DF,TrikotFrame_EC24_Trikotrahmen,Amazon DE,de,EmsCraft24,Bilderrahmen,EmsCraft24 Trikotrahmen 63x83 cm Gold Glänzend | Rahmen für Trikot mit Bügel und Schablone | MDF-Holz | Fan-Geschenk,"RAHMEN FÜR DEIN TRIKOT: Trikotrahmen in Gold Glänzend, Außenmaß 63 x 83 cm, zum Einrahmen und Aufhängen deines Lieblingstrikots",TRIKOT-BÜGEL UND SCHABLONE INKLUSIVE: mit Bügel und Schablone legst du das Trikot gleichmäßig und faltenarm ein [Funktionsweise kurz ergänzen],"MDF-HOLZ RAHMEN IN GOLD GLÄNZEND: Rahmen aus MDF-Holz, edel und auffällig, ein Blickfang für Trophäen- und Fanwände","GESCHENKIDEE FÜR FANS: für Geburtstag, Weihnachten oder als Erinnerung an das Lieblingsteam, Lieferung im Karton ohne Geschenkverpackung","MASSE UND MONTAGE: Außenmaß 63 x 83 cm, [Innenmaß, Tiefe und passende Trikotgrößen ergänzen], [Aufhängung ergänzen]","Der Trikotrahmen in Gold Glänzend zeigt dein Lieblingstrikot als Wanddeko. Mit dem mitgelieferten Trikot-Bügel und der Schablone legst du das Trikot sauber in den Rahmen ein. Der Rahmen besteht aus MDF-Holz und ist edel und auffällig, ein Blickfang für Trophäen- und Fanwände. Außenmaß 63 x 83 cm. Eine Geschenkidee für Fans, Sammler und Vereinsmitglieder (Lieferung im Karton, ohne Geschenkverpackung).",Trikot Rahmen Trikotrahmen Fußballtrikot Sporttrikot einrahmen Trikotbügel Wandrahmen Fanartikel Fanzimmer Geschenkidee Fußballfan Sammler Bilderrahmen groß,bestehend,"Küche, Haushalt & Wohnen > Bilderrahmen",Gold Glänzend,63 x 83 cm,MDF-Holz,59.99,[Bestand prüfen],FBA oder FBM,,,,,,,,Update,3,B0HGRH93DF
TrikotFrame_EC24_Nussbaum,B0HGR7T9LX,TrikotFrame_EC24_Trikotrahmen,Amazon DE,de,EmsCraft24,Bilderrahmen,EmsCraft24 Trikotrahmen 63x83 cm Nussbaum | Rahmen für Trikot mit Bügel und Schablone | MDF-Holz | Fan-Geschenk,"RAHMEN FÜR DEIN TRIKOT: Trikotrahmen in Nussbaum, Außenmaß 63 x 83 cm, zum Einrahmen und Aufhängen deines Lieblingstrikots",TRIKOT-BÜGEL UND SCHABLONE INKLUSIVE: mit Bügel und Schablone legst du das Trikot gleichmäßig und faltenarm ein [Funktionsweise kurz ergänzen],"MDF-HOLZ RAHMEN IN NUSSBAUM: Rahmen aus MDF-Holz, dunkel und warm, passt zu Holzregalen und klassischen Räumen","GESCHENKIDEE FÜR FANS: für Geburtstag, Weihnachten oder als Erinnerung an das Lieblingsteam, Lieferung im Karton ohne Geschenkverpackung","MASSE UND MONTAGE: Außenmaß 63 x 83 cm, [Innenmaß, Tiefe und passende Trikotgrößen ergänzen], [Aufhängung ergänzen]","Der Trikotrahmen in Nussbaum zeigt dein Lieblingstrikot als Wanddeko. Mit dem mitgelieferten Trikot-Bügel und der Schablone legst du das Trikot sauber in den Rahmen ein. Der Rahmen besteht aus MDF-Holz und ist dunkel und warm, passt zu Holzregalen und klassischen Räumen. Außenmaß 63 x 83 cm. Eine Geschenkidee für Fans, Sammler und Vereinsmitglieder (Lieferung im Karton, ohne Geschenkverpackung).",Trikot Rahmen Trikotrahmen Fußballtrikot Sporttrikot einrahmen Trikotbügel Wandrahmen Fanartikel Fanzimmer Geschenkidee Fußballfan Sammler Bilderrahmen groß,bestehend,"Küche, Haushalt & Wohnen > Bilderrahmen",Nussbaum,63 x 83 cm,MDF-Holz,59.99,[Bestand prüfen],FBA oder FBM,,,,,,,,Update,3,B0HGR7T9LX
TrikotFrame_EC24_Schwarz,B0H26JXWW4,TrikotFrame_EC24_Trikotrahmen,Amazon DE,de,EmsCraft24,Bilderrahmen,EmsCraft24 Trikotrahmen 63x83 cm Schwarz | Rahmen für Trikot mit Bügel und Schablone | MDF-Holz | Fan-Geschenk,"RAHMEN FÜR DEIN TRIKOT: Trikotrahmen in Schwarz, Außenmaß 63 x 83 cm, zum Einrahmen und Aufhängen deines Lieblingstrikots",TRIKOT-BÜGEL UND SCHABLONE INKLUSIVE: mit Bügel und Schablone legst du das Trikot gleichmäßig und faltenarm ein [Funktionsweise kurz ergänzen],"MDF-HOLZ RAHMEN IN SCHWARZ: Rahmen aus MDF-Holz, klar und zeitlos, lässt Trikotfarben besonders kräftig wirken","GESCHENKIDEE FÜR FANS: für Geburtstag, Weihnachten oder als Erinnerung an das Lieblingsteam, Lieferung im Karton ohne Geschenkverpackung","MASSE UND MONTAGE: Außenmaß 63 x 83 cm, [Innenmaß, Tiefe und passende Trikotgrößen ergänzen], [Aufhängung ergänzen]","Der Trikotrahmen in Schwarz zeigt dein Lieblingstrikot als Wanddeko. Mit dem mitgelieferten Trikot-Bügel und der Schablone legst du das Trikot sauber in den Rahmen ein. Der Rahmen besteht aus MDF-Holz und ist klar und zeitlos, lässt Trikotfarben besonders kräftig wirken. Außenmaß 63 x 83 cm. Eine Geschenkidee für Fans, Sammler und Vereinsmitglieder (Lieferung im Karton, ohne Geschenkverpackung).",Trikot Rahmen Trikotrahmen Fußballtrikot Sporttrikot einrahmen Trikotbügel Wandrahmen Fanartikel Fanzimmer Geschenkidee Fußballfan Sammler Bilderrahmen groß,bestehend,"Küche, Haushalt & Wohnen > Bilderrahmen",Schwarz,63 x 83 cm,MDF-Holz,59.99,[Bestand prüfen],FBA oder FBM,,,,,,,,Update,3,B0H26JXWW4
TrikotFrame_EC24_Weiß,B0HGRLMQGZ,TrikotFrame_EC24_Trikotrahmen,Amazon DE,de,EmsCraft24,Bilderrahmen,EmsCraft24 Trikotrahmen 63x83 cm Weiß Matt | Rahmen für Trikot mit Bügel und Schablone | MDF-Holz | Fan-Geschenk,"RAHMEN FÜR DEIN TRIKOT: Trikotrahmen in Weiß Matt, Außenmaß 63 x 83 cm, zum Einrahmen und Aufhängen deines Lieblingstrikots",TRIKOT-BÜGEL UND SCHABLONE INKLUSIVE: mit Bügel und Schablone legst du das Trikot gleichmäßig und faltenarm ein [Funktionsweise kurz ergänzen],"MDF-HOLZ RAHMEN IN WEISS MATT: Rahmen aus MDF-Holz, hell und schlicht, wirkt modern und passt zu hellen Wänden","GESCHENKIDEE FÜR FANS: für Geburtstag, Weihnachten oder als Erinnerung an das Lieblingsteam, Lieferung im Karton ohne Geschenkverpackung","MASSE UND MONTAGE: Außenmaß 63 x 83 cm, [Innenmaß, Tiefe und passende Trikotgrößen ergänzen], [Aufhängung ergänzen]","Der Trikotrahmen in Weiß Matt zeigt dein Lieblingstrikot als Wanddeko. Mit dem mitgelieferten Trikot-Bügel und der Schablone legst du das Trikot sauber in den Rahmen ein. Der Rahmen besteht aus MDF-Holz und ist hell und schlicht, wirkt modern und passt zu hellen Wänden. Außenmaß 63 x 83 cm. Eine Geschenkidee für Fans, Sammler und Vereinsmitglieder (Lieferung im Karton, ohne Geschenkverpackung).",Trikot Rahmen Trikotrahmen Fußballtrikot Sporttrikot einrahmen Trikotbügel Wandrahmen Fanartikel Fanzimmer Geschenkidee Fußballfan Sammler Bilderrahmen groß,bestehend,"Küche, Haushalt & Wohnen > Bilderrahmen",Weiß Matt,63 x 83 cm,MDF-Holz,59.99,[Bestand prüfen],FBA oder FBM,,,,,,,,Update,3,B0HGRLMQGZ
TrikotFrame_EC24_Eiche Natur_EBAY,neu,,eBay DE,de,EmsCraft24,Bilderrahmen,Trikotrahmen 63x83 cm Eiche Natur mit Bügel & Schablone MDF-Holz Fan Geschenk,"RAHMEN FÜR DEIN TRIKOT: Trikotrahmen in Eiche Natur, Außenmaß 63 x 83 cm, zum Einrahmen und Aufhängen deines Lieblingstrikots",TRIKOT-BÜGEL UND SCHABLONE INKLUSIVE: mit Bügel und Schablone legst du das Trikot gleichmäßig und faltenarm ein [Funktionsweise kurz ergänzen],"MDF-HOLZ RAHMEN IN EICHE NATUR: Rahmen aus MDF-Holz, natürlich und ruhig, passt zu hellen Räumen und Holzmöbeln","GESCHENKIDEE FÜR FANS: für Geburtstag, Weihnachten oder als Erinnerung an das Lieblingsteam, Lieferung im Karton ohne Geschenkverpackung","MASSE UND MONTAGE: Außenmaß 63 x 83 cm, [Innenmaß, Tiefe und passende Trikotgrößen ergänzen], [Aufhängung ergänzen]","Der Trikotrahmen in Eiche Natur zeigt dein Lieblingstrikot als Wanddeko. Mit dem mitgelieferten Trikot-Bügel und der Schablone legst du das Trikot sauber in den Rahmen ein. Der Rahmen besteht aus MDF-Holz und ist natürlich und ruhig, passt zu hellen Räumen und Holzmöbeln. Außenmaß 63 x 83 cm. Eine Geschenkidee für Fans, Sammler und Vereinsmitglieder (Lieferung im Karton, ohne Geschenkverpackung).",Trikot Rahmen Trikotrahmen Fußball Fan Geschenk,[EAN],Möbel & Wohnen > Dekoration > Bilderrahmen,Eiche Natur,63 x 83 cm,MDF-Holz,59.99,[Bestand],FBM,,,,,,,,Entwurf,3,B0HGRD35L5
TrikotFrame_EC24_Gold_EBAY,neu,,eBay DE,de,EmsCraft24,Bilderrahmen,Trikotrahmen 63x83 cm Gold mit Bügel & Schablone MDF-Holz Fan Geschenk,"RAHMEN FÜR DEIN TRIKOT: Trikotrahmen in Gold Glänzend, Außenmaß 63 x 83 cm, zum Einrahmen und Aufhängen deines Lieblingstrikots",TRIKOT-BÜGEL UND SCHABLONE INKLUSIVE: mit Bügel und Schablone legst du das Trikot gleichmäßig und faltenarm ein [Funktionsweise kurz ergänzen],"MDF-HOLZ RAHMEN IN GOLD GLÄNZEND: Rahmen aus MDF-Holz, edel und auffällig, ein Blickfang für Trophäen- und Fanwände","GESCHENKIDEE FÜR FANS: für Geburtstag, Weihnachten oder als Erinnerung an das Lieblingsteam, Lieferung im Karton ohne Geschenkverpackung","MASSE UND MONTAGE: Außenmaß 63 x 83 cm, [Innenmaß, Tiefe und passende Trikotgrößen ergänzen], [Aufhängung ergänzen]","Der Trikotrahmen in Gold Glänzend zeigt dein Lieblingstrikot als Wanddeko. Mit dem mitgelieferten Trikot-Bügel und der Schablone legst du das Trikot sauber in den Rahmen ein. Der Rahmen besteht aus MDF-Holz und ist edel und auffällig, ein Blickfang für Trophäen- und Fanwände. Außenmaß 63 x 83 cm. Eine Geschenkidee für Fans, Sammler und Vereinsmitglieder (Lieferung im Karton, ohne Geschenkverpackung).",Trikot Rahmen Trikotrahmen Fußball Fan Geschenk,[EAN],Möbel & Wohnen > Dekoration > Bilderrahmen,Gold Glänzend,63 x 83 cm,MDF-Holz,59.99,[Bestand],FBM,,,,,,,,Entwurf,3,B0HGRH93DF
TrikotFrame_EC24_Nussbaum_EBAY,neu,,eBay DE,de,EmsCraft24,Bilderrahmen,Trikotrahmen 63x83 cm Nussbaum mit Bügel & Schablone MDF-Holz Fan Geschenk,"RAHMEN FÜR DEIN TRIKOT: Trikotrahmen in Nussbaum, Außenmaß 63 x 83 cm, zum Einrahmen und Aufhängen deines Lieblingstrikots",TRIKOT-BÜGEL UND SCHABLONE INKLUSIVE: mit Bügel und Schablone legst du das Trikot gleichmäßig und faltenarm ein [Funktionsweise kurz ergänzen],"MDF-HOLZ RAHMEN IN NUSSBAUM: Rahmen aus MDF-Holz, dunkel und warm, passt zu Holzregalen und klassischen Räumen","GESCHENKIDEE FÜR FANS: für Geburtstag, Weihnachten oder als Erinnerung an das Lieblingsteam, Lieferung im Karton ohne Geschenkverpackung","MASSE UND MONTAGE: Außenmaß 63 x 83 cm, [Innenmaß, Tiefe und passende Trikotgrößen ergänzen], [Aufhängung ergänzen]","Der Trikotrahmen in Nussbaum zeigt dein Lieblingstrikot als Wanddeko. Mit dem mitgelieferten Trikot-Bügel und der Schablone legst du das Trikot sauber in den Rahmen ein. Der Rahmen besteht aus MDF-Holz und ist dunkel und warm, passt zu Holzregalen und klassischen Räumen. Außenmaß 63 x 83 cm. Eine Geschenkidee für Fans, Sammler und Vereinsmitglieder (Lieferung im Karton, ohne Geschenkverpackung).",Trikot Rahmen Trikotrahmen Fußball Fan Geschenk,[EAN],Möbel & Wohnen > Dekoration > Bilderrahmen,Nussbaum,63 x 83 cm,MDF-Holz,59.99,[Bestand],FBM,,,,,,,,Entwurf,3,B0HGR7T9LX
TrikotFrame_EC24_Schwarz_EBAY,neu,,eBay DE,de,EmsCraft24,Bilderrahmen,Trikotrahmen 63x83 cm Schwarz mit Bügel & Schablone MDF-Holz Fan Geschenk,"RAHMEN FÜR DEIN TRIKOT: Trikotrahmen in Schwarz, Außenmaß 63 x 83 cm, zum Einrahmen und Aufhängen deines Lieblingstrikots",TRIKOT-BÜGEL UND SCHABLONE INKLUSIVE: mit Bügel und Schablone legst du das Trikot gleichmäßig und faltenarm ein [Funktionsweise kurz ergänzen],"MDF-HOLZ RAHMEN IN SCHWARZ: Rahmen aus MDF-Holz, klar und zeitlos, lässt Trikotfarben besonders kräftig wirken","GESCHENKIDEE FÜR FANS: für Geburtstag, Weihnachten oder als Erinnerung an das Lieblingsteam, Lieferung im Karton ohne Geschenkverpackung","MASSE UND MONTAGE: Außenmaß 63 x 83 cm, [Innenmaß, Tiefe und passende Trikotgrößen ergänzen], [Aufhängung ergänzen]","Der Trikotrahmen in Schwarz zeigt dein Lieblingstrikot als Wanddeko. Mit dem mitgelieferten Trikot-Bügel und der Schablone legst du das Trikot sauber in den Rahmen ein. Der Rahmen besteht aus MDF-Holz und ist klar und zeitlos, lässt Trikotfarben besonders kräftig wirken. Außenmaß 63 x 83 cm. Eine Geschenkidee für Fans, Sammler und Vereinsmitglieder (Lieferung im Karton, ohne Geschenkverpackung).",Trikot Rahmen Trikotrahmen Fußball Fan Geschenk,[EAN],Möbel & Wohnen > Dekoration > Bilderrahmen,Schwarz,63 x 83 cm,MDF-Holz,59.99,[Bestand],FBM,,,,,,,,Entwurf,3,B0H26JXWW4
TrikotFrame_EC24_Weiß_EBAY,neu,,eBay DE,de,EmsCraft24,Bilderrahmen,Trikotrahmen 63x83 cm Weiß mit Bügel & Schablone MDF-Holz Fan Geschenk,"RAHMEN FÜR DEIN TRIKOT: Trikotrahmen in Weiß Matt, Außenmaß 63 x 83 cm, zum Einrahmen und Aufhängen deines Lieblingstrikots",TRIKOT-BÜGEL UND SCHABLONE INKLUSIVE: mit Bügel und Schablone legst du das Trikot gleichmäßig und faltenarm ein [Funktionsweise kurz ergänzen],"MDF-HOLZ RAHMEN IN WEISS MATT: Rahmen aus MDF-Holz, hell und schlicht, wirkt modern und passt zu hellen Wänden","GESCHENKIDEE FÜR FANS: für Geburtstag, Weihnachten oder als Erinnerung an das Lieblingsteam, Lieferung im Karton ohne Geschenkverpackung","MASSE UND MONTAGE: Außenmaß 63 x 83 cm, [Innenmaß, Tiefe und passende Trikotgrößen ergänzen], [Aufhängung ergänzen]","Der Trikotrahmen in Weiß Matt zeigt dein Lieblingstrikot als Wanddeko. Mit dem mitgelieferten Trikot-Bügel und der Schablone legst du das Trikot sauber in den Rahmen ein. Der Rahmen besteht aus MDF-Holz und ist hell und schlicht, wirkt modern und passt zu hellen Wänden. Außenmaß 63 x 83 cm. Eine Geschenkidee für Fans, Sammler und Vereinsmitglieder (Lieferung im Karton, ohne Geschenkverpackung).",Trikot Rahmen Trikotrahmen Fußball Fan Geschenk,[EAN],Möbel & Wohnen > Dekoration > Bilderrahmen,Weiß Matt,63 x 83 cm,MDF-Holz,59.99,[Bestand],FBM,,,,,,,,Entwurf,3,B0HGRLMQGZ
