(Übergeordnete) ASIN,(Untergeordnete) ASIN,Titel,Sitzungen – Summe,Sitzungen – Summe – B2B,Prozentwert an Sitzungen – Summe,Prozentsatz Sitzung – Summe – B2B,Seitenaufrufe – Summe,Seitenaufrufe – Summe – B2B,Prozentsatz Seitenaufrufe – Summe,Prozentsatz Seitenaufrufe – Summe – B2B,Hervorgehobenes Angebot ("In-den-Einkaufswagen") – Prozentsatz,Hervorgehobenes Angebot (Einkaufswagen-Feld) Prozentwert – B2B,Bestellte Einheiten,Bestellte Einheiten – B2B,Prozentsatz an Einheiten pro Sitzung,Prozentsatz an Einheiten pro Sitzung – B2B,Durch bestellte Produkte erzielter Umsatz,Bestellsumme – B2B,Zahl der Bestellposten,Zahl der Bestellposten – B2B
B0H1GW8XNC,B0H1GVXBR4,Wandspiegel 60x40 cm Hoch- und Querformat Weiß Matt - Kunststoffspiegel,953,63,16.34%,10.96%,"1,320",112,16.34%,10.77%,99.92%,100.00%,62,8,6.51%,12.70%,"1.529,68 €","199,92 €",58,7
B0H6K9JD25,B0H6K8ZY9P,EmsCraft24 Salzlampe aus der Salt Range Pakistan Nachtlicht (1-2 kg),706,23,12.11%,4.00%,"1,096",93,13.57%,8.94%,98.84%,95.37%,47,1,6.66%,4.35%,"790,29 €","15,99 €",45,1
B0HC3RK72N,B0HC3LRZVM,"EmsCraft24 Bilderrahmen rahmenlos DIN A4 5er Set, Cliprahmen Acrylglas",265,34,4.54%,5.91%,347,48,4.30%,4.62%,94.36%,97.78%,47,7,17.74%,20.59%,"639,45 €","79,73 €",35,5
B0HC3RK72N,B0HC7G12XQ,"EmsCraft24 Bilderrahmen rahmenlos DIN A1 59,4x84,1 cm Cliprahmen Acrylglas",146,13,2.50%,2.26%,199,17,2.46%,1.63%,97.81%,100.00%,39,11,26.71%,84.62%,"799,06 €","208,91 €",26,4
B0H1GW8XNC,B0H1HHQ6RM,Wandspiegel 60x40 cm Hoch- und Querformat Schwarz Matt - Kunststoffspiegel,434,40,7.44%,6.96%,543,44,6.72%,4.23%,100.00%,97.37%,34,13,7.83%,32.50%,"837,20 €","322,07 €",24,4
B0HC3RK72N,B0HC7L8SZ8,EmsCraft24 Bilderrahmen rahmenlos 50x70 cm Cliprahmen Acrylglas statt Glas,144,4,2.47%,0.70%,177,6,2.19%,0.58%,100.00%,100.00%,23,2,15.97%,50.00%,"345,21 €","29,89 €",22,1
B0H1GW8XNC,B0H1GVQGK5,Wandspiegel 60x40 cm Hoch- und Querformat Eiche Catania - Kunststoffspiegel,293,28,5.02%,4.87%,421,62,5.21%,5.96%,99.76%,98.36%,18,0,6.14%,0.00%,"439,25 €","0,00 €",17,0
B0HC3RK72N,B0HC7LTTR4,"EmsCraft24 Bilderrahmen rahmenlos DIN A2 42x59,4 cm, Cliprahmen Acrylglas",82,3,1.41%,0.52%,123,4,1.52%,0.38%,97.30%,100.00%,27,11,32.93%,366.67%,"371,51 €","131,67 €",16,1
B0H1GW8XNC,B0HFJLKKJF,Wandspiegel 60x40 cm Hoch- und Querformat Eiche Natur - Kunststoffspiegel,241,24,4.13%,4.17%,307,38,3.80%,3.65%,99.00%,100.00%,15,5,6.22%,20.83%,"370,86 €","120,96 €",15,5
B0H6K9JD25,B0H6KHBWC7,EmsCraft24 Salzlampe aus der Salt Range Pakistan Nachtlicht (2-3 kg),181,16,3.10%,2.78%,276,48,3.42%,4.62%,99.62%,100.00%,12,0,6.63%,0.00%,"299,88 €","0,00 €",12,0
B0HC7955ZQ,B0HF51T81T,"Cityroller Kickscooter 205mm gefedert klappbar bis 100kg, (Schwarz-Grün)",231,9,3.96%,1.57%,336,32,4.16%,3.08%,94.32%,74.29%,9,0,3.90%,0.00%,"314,10 €","0,00 €",9,0
B08T1VVBDT,B08T17HG4G,"CLAMARO Rollrost 140x200 cm, 22 Leisten, Multiplex Birkenholz, 450+ kg",98,12,1.68%,2.09%,149,13,1.84%,1.25%,92.42%,100.00%,7,1,7.14%,8.33%,"623,00 €","89,00 €",7,1
B0HC3RK72N,B0HC7KZQHN,EmsCraft24 Bilderrahmen rahmenlos 20x30 cm Cliprahmen Acrylglas statt Glas,49,7,0.84%,1.22%,58,10,0.72%,0.96%,93.33%,90.91%,14,0,28.57%,0.00%,"119,02 €","0,00 €",7,0
B0HC3RK72N,B0HC7DTH7D,"EmsCraft24 Bilderrahmen rahmenlos DIN A3 29,7x42 cm, Cliprahmen Acrylglas",54,7,0.93%,1.22%,68,8,0.84%,0.77%,100.00%,100.00%,7,1,12.96%,14.29%,"69,92 €","9,98 €",6,1
B08T1VVBDT,B08T1FKJJF,"Rollrost Lattenrost 90x200 cm, 22 Leisten, Multiplex Birkenholz, 450+ kg",67,4,1.15%,0.70%,116,7,1.44%,0.67%,69.64%,100.00%,6,1,8.96%,25.00%,"359,94 €","59,99 €",5,1
B0HC3RK72N,B0HC7QQYDV,EmsCraft24 Bilderrahmen rahmenlos 40x60 cm Cliprahmen Acrylglas statt Glas,42,5,0.72%,0.87%,61,5,0.76%,0.48%,98.21%,80.00%,5,0,11.90%,0.00%,"74,33 €","0,00 €",4,0
B0HHDZ4Y96,B0HHDN6FVZ,EmsCraft24 Kinderspiegel Wandspiegel 60x40 cm Eiche Natur Kunststoffspiegel,74,8,1.27%,1.39%,105,18,1.30%,1.73%,100.00%,100.00%,5,3,6.76%,37.50%,"124,95 €","74,97 €",4,2
B07FSQTB6H,B07RL3665T,"Clamaro 'Sidekick' 205mm Cityroller Tretroller gefedert, bis 100 kg belastbar, zusammenklappbar, höhenverstellbar, Scooter Kickroller mit Reibungsbremse, für Kinder und Erwachsene, Weiß/Orange",28,3,0.48%,0.52%,41,3,0.51%,0.29%,100.00%,100.00%,3,0,10.71%,0.00%,"94,88 €","0,00 €",3,0
B08T1VVBDT,B08T1JJQMY,"CLAMARO Rollrost 160x200 cm, 22 Leisten, Multiplex Birkenholz, 450+ kg",59,2,1.01%,0.35%,91,4,1.13%,0.38%,75.68%,100.00%,3,0,5.08%,0.00%,"327,00 €","0,00 €",3,0
B08T1VVBDT,B08T1PSK64,"Rollrost Lattenrost 100x200 cm, 22 Leisten, Multiplex Birkenholz, 450+ kg",42,5,0.72%,0.87%,61,9,0.76%,0.87%,89.29%,100.00%,4,0,9.52%,0.00%,"279,96 €","0,00 €",3,0
B0H6K9JD25,B0H6K63JP4,EmsCraft24 Salzlampe aus der Salt Range Pakistan Nachtlicht (3-5 kg),79,11,1.35%,1.91%,105,18,1.30%,1.73%,98.06%,100.00%,3,0,3.80%,0.00%,"89,70 €","0,00 €",3,0
B0H6K9JD25,B0HCC4PDML,EmsCraft24 Salzlampe aus der Salt Range Pakistan Nachtlicht Schalter (Luna),141,11,2.42%,1.91%,188,15,2.33%,1.44%,96.13%,93.33%,4,0,2.84%,0.00%,"120,21 €","0,00 €",3,0
B0HJCYY4QG,B0HJCKKP71,EmsCraft24 Salzlampe aus der Salt Range Pakistan Nachtlicht Schalter (5-7 kg),34,4,0.58%,0.70%,53,11,0.66%,1.06%,100.00%,100.00%,3,0,8.82%,0.00%,"98,85 €","0,00 €",3,0
B07FSQTB6H,B07YSTRMDD,Cityroller Kickscooter (Grün/Schwarz) 205mm gefedert klappbar bis 100kg,50,4,0.86%,0.70%,64,4,0.79%,0.38%,95.31%,100.00%,2,0,4.00%,0.00%,"59,98 €","0,00 €",2,0
B0DYDTSQ1N,B0DYDT2DX6,Rollrost Lattenrost Gebogene Federleisten Rahmenlos Bettrost (90x200cm),23,0,0.39%,0.00%,33,0,0.41%,0.00%,90.63%,0.00%,2,0,8.70%,0.00%,"69,98 €","0,00 €",2,0
B0GLGTBP9K,B0GLGTBP9K,"Katzenbaum DeluxePet XXL Kratzbaum Athen EmsCraft24 – 240–275 cm Höhenverstellbar, Stabiler Kletterbaum & Kratzmöbel für große Katzen (Beige)",139,5,2.38%,0.87%,203,14,2.51%,1.35%,90.81%,30.77%,2,0,1.44%,0.00%,"259,98 €","0,00 €",2,0
B0H6K9JD25,B0H6KF11SB,EmsCraft24 Salzlampe aus der Salt Range Pakistan Nachtlicht (5-7 kg),47,10,0.81%,1.74%,58,15,0.72%,1.44%,96.49%,100.00%,2,0,4.26%,0.00%,"69,80 €","0,00 €",2,0
B0HG9JKTLY,B0HG9JKTLY,"Salzlampe Salzlampe Mini Rosa USB, ca. 650g, Holzsockel (Salzstein Mini)",32,4,0.55%,0.70%,56,19,0.69%,1.83%,98.11%,100.00%,2,0,6.25%,0.00%,"29,98 €","0,00 €",2,0
B0HHDZ4Y96,B0HHDWN5XD,EmsCraft24 Kinderspiegel Wandspiegel 60x40 cm Weiß Matt Kunststoffspiegel,26,4,0.45%,0.70%,47,17,0.58%,1.63%,100.00%,100.00%,3,0,11.54%,0.00%,"74,97 €","0,00 €",2,0
B08T1VVBDT,B08T1DP91M,"Rollrost Lattenrost 120x200 cm, 22 Leisten, Multiplex Birkenholz, 450+ kg",34,1,0.58%,0.17%,47,2,0.58%,0.19%,93.48%,0.00%,1,0,2.94%,0.00%,"74,99 €","0,00 €",1,0
B094RGRLL9,B094RBZJ1W,"CLAMARO Sandkasten Basic 80 x 80 cm, Fichte 26 mm, imprägniert, 2 Sitzbänke",49,1,0.84%,0.17%,65,1,0.80%,0.10%,100.00%,100.00%,1,0,2.04%,0.00%,"34,99 €","0,00 €",1,0
B09DKZD9XZ,B09DL42TCY,"Sisal Wand Katzentreppe Kletterwand Kletterstufe, 1x 25 cm x Ø 7 cm",20,1,0.34%,0.17%,25,1,0.31%,0.10%,100.00%,100.00%,1,0,5.00%,0.00%,"9,99 €","0,00 €",1,0
B09DKZD9XZ,B09DL4DB3N,"Sisal Wand Katzentreppe, 25cm x Ø7cm Katzen Kater Klettern Wand 6er Set",9,4,0.15%,0.70%,12,6,0.15%,0.58%,100.00%,100.00%,1,0,11.11%,0.00%,"44,99 €","0,00 €",1,0
B0H1GW8XNC,B0HFJPFLW8,Wandspiegel 60x40 cm Hoch- und Querformat Glänzend Gold - Kunststoffspiegel,87,14,1.49%,2.43%,98,16,1.21%,1.54%,100.00%,100.00%,1,0,1.15%,0.00%,"24,99 €","0,00 €",1,0
B0HG9DYXQH,B0HG9DYXQH,"Salzlampe Salzlampe Mini Rosa USB, ca. 650g, Holzsockel (Herz Mini)",7,1,0.12%,0.17%,8,1,0.10%,0.10%,100.00%,100.00%,1,0,14.29%,0.00%,"14,99 €","0,00 €",1,0
B0HGMW7Y1W,B0HGM252VX,Wandspiegel 70x50 cm Hoch- und Querformat Eiche Natur - Kunststoffspiegel,26,2,0.45%,0.35%,31,2,0.38%,0.19%,100.00%,100.00%,1,0,3.85%,0.00%,"29,99 €","0,00 €",1,0
B0HGMW7Y1W,B0HGMJSH7F,Wandspiegel 70x50 cm Hoch- und Querformat Eiche Catania - Kunststoffspiegel,14,1,0.24%,0.17%,17,1,0.21%,0.10%,100.00%,100.00%,1,0,7.14%,0.00%,"29,99 €","0,00 €",1,0
B0HGRFSV1T,B0HGRD35L5,Trikotrahmen 63x83cm mit Bügel Schablone Fan Rahmen Bilderrahmen Natur,13,5,0.22%,0.87%,23,15,0.28%,1.44%,100.00%,100.00%,1,1,7.69%,20.00%,"59,99 €","59,99 €",1,1
B0HC3RK72N,B0HGRDN9PK,"EmsCraft24 Bilderrahmen rahmenlos DIN A3 5er Set, Cliprahmen Acrylglas",22,7,0.38%,1.22%,33,14,0.41%,1.35%,94.29%,100.00%,5,5,22.73%,71.43%,"94,25 €","94,25 €",1,1
B0HHDZ4Y96,B0HHDS8F6H,Kinderspiegel Wandspiegel 60x40 cm Eiche Catania Kunststoffspiegel,12,4,0.21%,0.70%,14,5,0.17%,0.48%,100.00%,100.00%,1,0,8.33%,0.00%,"24,99 €","0,00 €",1,0
B0H6K9JD25,B0HJQ6VLQ6,EmsCraft24 Salzlampe aus der Salt Range Pakistan Nachtlicht (Weiß 3-5 kg),27,8,0.46%,1.39%,31,10,0.38%,0.96%,100.00%,100.00%,1,0,3.70%,0.00%,"29,95 €","0,00 €",1,0
B074WC5YWK,B074WC5YWK, ,0,0,0.00%,0.00%,0,0,0.00%,0.00%,0.00%,0.00%,0,0,0.00%,0.00%,"0,00 €","0,00 €",0,0
B07FSQTB6H,B07FSQTB6H,"CLAMARO Sidekick Cityroller gefedert, höhenverstellbar, 205 mm, Weiß/Orange",1,0,0.02%,0.00%,1,0,0.01%,0.00%,0.00%,0.00%,0,0,0.00%,0.00%,"0,00 €","0,00 €",0,0
B07WXRXXVN,B07WP66VMX,"CLAMARO Athen XXL Katzenbaum, deckenhoch, Ø 20 cm Sisal, New Grau",47,2,0.81%,0.35%,55,2,0.68%,0.19%,96.15%,100.00%,0,0,0.00%,0.00%,"0,00 €","0,00 €",0,0
B07WX8X2W2,B07WX8X2W2,"Katzenbaum deckenhoch höhenverstellbar (beige), Katzen Kratzbaum extra groß 240-275 cm",48,5,0.82%,0.87%,67,10,0.83%,0.96%,96.61%,100.00%,0,0,0.00%,0.00%,"0,00 €","0,00 €",0,0
B07NDFGZ6M,B07YM33LDP,"CLAMARO Roadstar 12 Zoll Laufrad Schwarz Silber 3,6 kg Magnesium-Alu",18,3,0.31%,0.52%,20,5,0.25%,0.48%,100.00%,100.00%,0,0,0.00%,0.00%,"0,00 €","0,00 €",0,0
B094RGRLL9,B094RDZD3W,"CLAMARO Sandkasten Basic 120 x 120 cm, Fichte 26 mm, imprägniert",21,0,0.36%,0.00%,23,0,0.28%,0.00%,100.00%,0.00%,0,0,0.00%,0.00%,"0,00 €","0,00 €",0,0
B09DKZD9XZ,B09DL3SYSP,"Sisal Wand Katzentreppe, 25cm x Ø7cm Katzen Kater Klettern Wand 4er Set",1,0,0.02%,0.00%,1,0,0.01%,0.00%,100.00%,0.00%,0,0,0.00%,0.00%,"0,00 €","0,00 €",0,0
B09DKZD9XZ,B09DL4768W,"Sisal Wand Katzentreppe, 25cm x Ø7cm Katzen Kater Klettern Wand 5er Set",2,1,0.03%,0.17%,3,2,0.04%,0.19%,100.00%,100.00%,0,0,0.00%,0.00%,"0,00 €","0,00 €",0,0
B09DKZD9XZ,B09DL52F5Y,"Sisal Wand Katzentreppe, 25cm x Ø7cm Katzen Kater Klettern Wand 2er Set",4,0,0.07%,0.00%,6,0,0.07%,0.00%,100.00%,0.00%,0,0,0.00%,0.00%,"0,00 €","0,00 €",0,0
B0B8JDCVMB,B0B8J9M35L,"CLAMARO Lamellenwand Leisten 28x37mm x 275cm, Eiche Catania 12 STK.",23,1,0.39%,0.17%,33,1,0.41%,0.10%,93.94%,100.00%,0,0,0.00%,0.00%,"0,00 €","0,00 €",0,0
B0B8JDCVMB,B0B8JB7RRY,"CLAMARO Lamellenwand Leisten 28x37mm x 275cm, Eiche Delano 12 STK.",6,0,0.10%,0.00%,13,0,0.16%,0.00%,100.00%,0.00%,0,0,0.00%,0.00%,"0,00 €","0,00 €",0,0
B0B8JDCVMB,B0B8JB8T41,"CLAMARO Artem Lamellenwand Leisten, 28 x 37 mm, 275 cm, Weiß matt, 12er Set",5,2,0.09%,0.35%,6,2,0.07%,0.19%,100.00%,100.00%,0,0,0.00%,0.00%,"0,00 €","0,00 €",0,0
B0B8JDCVMB,B0BHT8M6TC,"Lamellenwand Weiß Matt Paneele, 275 cm, 28 x 37 mm, 4er Set, Raumteiler",2,1,0.03%,0.17%,2,1,0.02%,0.10%,100.00%,100.00%,0,0,0.00%,0.00%,"0,00 €","0,00 €",0,0
B0B8JDCVMB,B0BHT91BTB,"CLAMARO Artem Lamellenwand 4er Set 275 cm, Eiche Delano, Rückwand schwarz",1,0,0.02%,0.00%,1,0,0.01%,0.00%,100.00%,0.00%,0,0,0.00%,0.00%,"0,00 €","0,00 €",0,0
B0B8JDCVMB,B0BHT9N1ZV,"CLAMARO Artem Lamellenwand 4er Set 275 cm, Eiche Catania, Rückwand grau",2,0,0.03%,0.00%,3,0,0.04%,0.00%,100.00%,0.00%,0,0,0.00%,0.00%,"0,00 €","0,00 €",0,0
B0B8JDCVMB,B0BHT9Z7QW,"Lamellenwand Eiche Catania Paneele, 275 cm, 28 x 37 mm, 4er Set, Raumteiler",4,0,0.07%,0.00%,4,0,0.05%,0.00%,100.00%,0.00%,0,0,0.00%,0.00%,"0,00 €","0,00 €",0,0
B0B8JDCVMB,B0BHTCZNLY,"CLAMARO Artem Lamellenwand 4er Set 275 cm, Eiche Delano, Rückwand grau",1,0,0.02%,0.00%,1,0,0.01%,0.00%,100.00%,0.00%,0,0,0.00%,0.00%,"0,00 €","0,00 €",0,0
B0DX7196F6,B0DX7196F6,"Passepartout 1,4mm dick in verschiedenen Farben und Größen EmsCraft24",1,1,0.02%,0.17%,2,2,0.02%,0.19%,100.00%,100.00%,0,0,0.00%,0.00%,"0,00 €","0,00 €",0,0
B0DY7Y3H6M,B0DY7Y3H6M,Sandkasten Holz Handgemacht | 150/170/190cm | Massiv Fichte/Tanne | Sitzrand | Witterungsbeständig | Verzinkt | Bausatz | Made in Germany,1,1,0.02%,0.17%,1,1,0.01%,0.10%,0.00%,0.00%,0,0,0.00%,0.00%,"0,00 €","0,00 €",0,0
B0DY7Y3H6M,B0DY82GM67,"Sandkasten Natur Fichte, 170x170 cm, 28mm CLAMARO Beach",5,0,0.09%,0.00%,7,0,0.09%,0.00%,100.00%,0.00%,0,0,0.00%,0.00%,"0,00 €","0,00 €",0,0
B0DZ2RZF52,B0DYDP51KS,Underpinner Keilhammer Leistenhammer Kartuschenmaschinen EmsCraft24,1,0,0.02%,0.00%,1,0,0.01%,0.00%,100.00%,0.00%,0,0,0.00%,0.00%,"0,00 €","0,00 €",0,0
B0DZ2PGF8K,B0DZ2PGF8K,"Treppenschutzgitter Holz 75,5–117 cm – Massivholz Treppengitter zum Bohren für Baby & Kleinkind, ohne Türschwelle, Doppel-Sicherheitsmechanismus, verstellbar, inkl. Montagematerial | EmsCraft24",0,0,0.00%,0.00%,0,0,0.00%,0.00%,0.00%,0.00%,0,0,0.00%,0.00%,"0,00 €","0,00 €",0,0
B0F13F7PCB,B0F13F7PCB,"EmsCraft24 Hundebett Hundesofa Kunstleder Schlafplatz Katzenbett 2in1 Wendekissen (Schwarz, 80x60cm)",1,0,0.02%,0.00%,1,0,0.01%,0.00%,0.00%,0.00%,0,0,0.00%,0.00%,"0,00 €","0,00 €",0,0
B0F13VBV41,B0F13VBV41,"EmsCraft24 Akustikpaneele 1,904m² - 275cm x 68cm x 3.8cm - | Akustikpaneel | Lamellenverkleidung | Wandverkleidung | Akustik | Wandpaneele",1,1,0.02%,0.17%,1,1,0.01%,0.10%,0.00%,0.00%,0,0,0.00%,0.00%,"0,00 €","0,00 €",0,0
B0F13VBV41,B0F13WQ8FT,Akustikpaneel | Lamellenverkleidung | auf filz (Eiche Catania),13,4,0.22%,0.70%,19,4,0.24%,0.38%,100.00%,100.00%,0,0,0.00%,0.00%,"0,00 €","0,00 €",0,0
B0F13VBV41,B0F13Y434T,Akustikpaneel | Lamellenverkleidung | auf filz (Eiche Delano),4,1,0.07%,0.17%,4,1,0.05%,0.10%,100.00%,100.00%,0,0,0.00%,0.00%,"0,00 €","0,00 €",0,0
B0F13VBV41,B0F13YKKT7,Akustikpaneel | Lamellenverkleidung | auf filz (Beton Optik),7,1,0.12%,0.17%,9,2,0.11%,0.19%,100.00%,100.00%,0,0,0.00%,0.00%,"0,00 €","0,00 €",0,0
B0F7HF6YW6,B0F2DZTWDC,"Akustikpaneele 1,265m² 275x46cm Wandpaneele Filz Lamellen Nuss Bakersfield",1,1,0.02%,0.17%,1,1,0.01%,0.10%,100.00%,100.00%,0,0,0.00%,0.00%,"0,00 €","0,00 €",0,0
B0F7HF6YW6,B0F2F3231F,"Akustikpaneele 1,228m² 275x46cm Wandpaneele Filz Lamellen Eiche Artisan",2,0,0.03%,0.00%,4,0,0.05%,0.00%,100.00%,0.00%,0,0,0.00%,0.00%,"0,00 €","0,00 €",0,0
B0F7HF6YW6,B0F2F47465,"Akustikpaneele 1,265m² 275x46cm Wandpaneele Filz Lamellen Eiche Wotan",2,0,0.03%,0.00%,2,0,0.02%,0.00%,100.00%,0.00%,0,0,0.00%,0.00%,"0,00 €","0,00 €",0,0
B0F7HF6YW6,B0F2F4C72Y,"Akustikpaneele 1,265m² 275x46cm Wandpaneele Filz Lamellen Eiche Sonoma",7,2,0.12%,0.35%,7,2,0.09%,0.19%,100.00%,100.00%,0,0,0.00%,0.00%,"0,00 €","0,00 €",0,0
B0F7HF6YW6,B0F2F4HHJY,Akustikpaneel 275x46cm – Schallabsorption Wandpaneel | MDF Lamellenverkleidung auf schwarzem Filz | Heimstudio Wohnzimmer Büro | verstellbar montierbar | 17 Farben | EmsCraft24 (029 - Eiche Enkel),5,1,0.09%,0.17%,5,1,0.06%,0.10%,100.00%,0.00%,0,0,0.00%,0.00%,"0,00 €","0,00 €",0,0
B0F7HF6YW6,B0F2F6CTP2,"Akustikpaneele 1,265m² 275x46cm Wandpaneele Filz Lamellen Beton Optik",5,2,0.09%,0.35%,6,3,0.07%,0.29%,100.00%,71.43%,0,0,0.00%,0.00%,"0,00 €","0,00 €",0,0
B0F7HF6YW6,B0F7HC3PFW,"Akustikpaneele 1,265m² 275x46cm Wandpaneele Filz Lamellen Anthrazit",1,0,0.02%,0.00%,1,0,0.01%,0.00%,100.00%,0.00%,0,0,0.00%,0.00%,"0,00 €","0,00 €",0,0
B0F7HF6YW6,B0F7HF6YW6,Akustikpaneel 275x46cm – Schallabsorption Wandpaneel | MDF Lamellenverkleidung auf schwarzem Filz | Heimstudio Wohnzimmer Büro | verstellbar montierbar | 17 Farben | EmsCraft24,2,2,0.03%,0.35%,2,2,0.02%,0.19%,0.00%,0.00%,0,0,0.00%,0.00%,"0,00 €","0,00 €",0,0
B0GG44M6DX,B0GG4K46V8,"CLAMARO Piccolino Schlitten Rennrodel mit Schiebestange, Silber, bis 80 kg",31,2,0.53%,0.35%,35,5,0.43%,0.48%,85.29%,100.00%,0,0,0.00%,0.00%,"0,00 €","0,00 €",0,0
B0GY1LCDMF,B0GY1LCDMF,"EmsCraft24 Akustikpaneele 1,228m² - 275cm x 46cm x 1.8cm - | Akustikpaneel | Lamellenverkleidung | Wandverkleidung | Akustikfilz | Wandpaneele auf filz (029 - Eiche Enkel)",1,0,0.02%,0.00%,1,0,0.01%,0.00%,100.00%,0.00%,0,0,0.00%,0.00%,"0,00 €","0,00 €",0,0
B0GY98YC15,B0GY98YC15,"EmsCraft24 Laufrad ab 1 Jahr | 3,6 kg Magnesium-Alu Rahmen | Luftreifen",5,0,0.09%,0.00%,5,0,0.06%,0.00%,100.00%,0.00%,0,0,0.00%,0.00%,"0,00 €","0,00 €",0,0
B0H1GW8XNC,B0H1GW8XNC,EmsCraft24 Wandspiegel 60x40 cm Hoch- und Querformat montierbar - unzerbrechlicher Kunststoffspiegel handgefertigt in Deutschland KLARO,5,5,0.09%,0.87%,5,5,0.06%,0.48%,0.00%,0.00%,0,0,0.00%,0.00%,"0,00 €","0,00 €",0,0
B0HGRFSV1T,B0H26JXWW4,Trikotrahmen 63x83cm mit Bügel Schablone Fan Rahmen Bilderrahmen Schwarz,6,2,0.10%,0.35%,6,2,0.07%,0.19%,100.00%,0.00%,0,0,0.00%,0.00%,"0,00 €","0,00 €",0,0
B0H6K9JD25,B0H6K9JD25,EmsCraft24 Salzlampe aus der Salt Range Pakistan Nachtlicht Schalter,7,7,0.12%,1.22%,11,11,0.14%,1.06%,0.00%,0.00%,0,0,0.00%,0.00%,"0,00 €","0,00 €",0,0
B0H6K9JD25,B0H6KF29TN,EmsCraft24 Salzlampe aus der Salt Range Pakistan Nachtlicht (4-6 kg),74,14,1.27%,2.43%,87,19,1.08%,1.83%,98.88%,100.00%,0,0,0.00%,0.00%,"0,00 €","0,00 €",0,0
B0H6K9JD25,B0H6KJ19QH,EmsCraft24 Salzlampe aus der Salt Range Pakistan Nachtlicht (6-9 kg),70,10,1.20%,1.74%,90,16,1.11%,1.54%,97.70%,100.00%,0,0,0.00%,0.00%,"0,00 €","0,00 €",0,0
B0HC3RK72N,B0HC3RK72N,EmsCraft24 Rahmenlose Bilderrahmen mit Acryl-Scheibe und Halteclips,1,1,0.02%,0.17%,1,1,0.01%,0.10%,0.00%,0.00%,0,0,0.00%,0.00%,"0,00 €","0,00 €",0,0
B0HC7955ZQ,B0HC7955ZQ,Cityroller Kickscooter 205mm gefedert klappbar bis 100kg,2,2,0.03%,0.35%,2,2,0.02%,0.19%,0.00%,0.00%,0,0,0.00%,0.00%,"0,00 €","0,00 €",0,0
B0HCCWCM3S,B0HCCWCM3S, ,2,1,0.03%,0.17%,2,1,0.02%,0.10%,0.00%,0.00%,0,0,0.00%,0.00%,"0,00 €","0,00 €",0,0
B0HF5BFV8Z,B0HF4FQ6DQ,"Lauflernwagen mit Musik, Schaukelfunktion - Türkis Clamaro MaxMobil",2,0,0.03%,0.00%,2,0,0.02%,0.00%,100.00%,0.00%,0,0,0.00%,0.00%,"0,00 €","0,00 €",0,0
B0HF5BFV8Z,B0HF5BFV8Z,"Lauflernwagen mit Musik, Schaukelfunktion - Clamaro MaxMobil",1,1,0.02%,0.17%,1,1,0.01%,0.10%,0.00%,0.00%,0,0,0.00%,0.00%,"0,00 €","0,00 €",0,0
B0H6K9JD25,B0HF88TJHN,EmsCraft24 Salzlampe aus der Salt Range Pakistan Nachtlicht (Helios),48,9,0.82%,1.57%,64,21,0.79%,2.02%,98.41%,100.00%,0,0,0.00%,0.00%,"0,00 €","0,00 €",0,0
B0HFW4BWXB,B0HFW4BWXB,"Baby Beistellbett 3in1 mit Matratze, 4-fach höhenverstellbar, klappbar",7,1,0.12%,0.17%,12,4,0.15%,0.38%,100.00%,100.00%,0,0,0.00%,0.00%,"0,00 €","0,00 €",0,0
B0HCCWCM3S,B0HG9BFJJQ,"EmsCraft24 Salzlampe Salzlampe Mini Rosa USB, ca. 650g, Holzsockel (Mond Mini)",3,2,0.05%,0.35%,4,2,0.05%,0.19%,100.00%,100.00%,0,0,0.00%,0.00%,"0,00 €","0,00 €",0,0
B0HG9BFJJQ,B0HG9BFJJQ,"EmsCraft24 Salzlampe Salzlampe Mini Rosa USB, ca. 650g, Holzsockel (Mond Mini)",11,1,0.19%,0.17%,13,1,0.16%,0.10%,84.62%,100.00%,0,0,0.00%,0.00%,"0,00 €","0,00 €",0,0
B0HCCWCM3S,B0HG9DYXQH,"Salzlampe Salzlampe Mini Rosa USB, ca. 650g, Holzsockel (Herz Mini)",4,2,0.07%,0.35%,5,2,0.06%,0.19%,100.00%,100.00%,0,0,0.00%,0.00%,"0,00 €","0,00 €",0,0
B0HG9G8YX7,B0HG9G8YX7,"EmsCraft24 Salzlampe Salzlampe Mini Rosa USB, ca. 650g, Holzsockel (Mond Mini RGB)",7,1,0.12%,0.17%,8,1,0.10%,0.10%,100.00%,100.00%,0,0,0.00%,0.00%,"0,00 €","0,00 €",0,0
B0HCCWCM3S,B0HG9G8YX7,"EmsCraft24 Salzlampe Salzlampe Mini Rosa USB, ca. 650g, Holzsockel (Mond Mini RGB)",3,1,0.05%,0.17%,5,1,0.06%,0.10%,80.00%,100.00%,0,0,0.00%,0.00%,"0,00 €","0,00 €",0,0
B0HCCWCM3S,B0HG9JKTLY,"Salzlampe Salzlampe Mini Rosa USB, ca. 650g, Holzsockel (Salzstein Mini)",5,2,0.09%,0.35%,5,2,0.06%,0.19%,100.00%,100.00%,0,0,0.00%,0.00%,"0,00 €","0,00 €",0,0
B0HGMW7Y1W,B0HGMDQDKR,Wandspiegel 70x50 cm Hoch- und Querformat Weiß Matt - Kunststoffspiegel,15,1,0.26%,0.17%,16,1,0.20%,0.10%,100.00%,100.00%,0,0,0.00%,0.00%,"0,00 €","0,00 €",0,0
B0HGMW7Y1W,B0HGMNGMG4,Wandspiegel 70x50 cm Hoch- und Querformat Schwarz Matt - Kunststoffspiegel,12,1,0.21%,0.17%,14,1,0.17%,0.10%,92.86%,100.00%,0,0,0.00%,0.00%,"0,00 €","0,00 €",0,0
B0F7HF6YW6,B0HGMQN8VV,Akustikpaneel 275x46cm Schallabsorption Wandpaneel Lamellen Helle Lavendell,1,0,0.02%,0.00%,1,0,0.01%,0.00%,0.00%,0.00%,0,0,0.00%,0.00%,"0,00 €","0,00 €",0,0
B0HGMW7Y1W,B0HGMVFLV6,Wandspiegel 70x50 cm Hoch- und Querformat Glänzend Gold - Kunststoffspiegel,30,2,0.51%,0.35%,34,3,0.42%,0.29%,100.00%,100.00%,0,0,0.00%,0.00%,"0,00 €","0,00 €",0,0
B0HGMW7Y1W,B0HGMW7Y1W,EmsCraft24 Wandspiegel 70x50 cm Hoch- und Querformat - Kunststoffspiegel,4,4,0.07%,0.70%,4,4,0.05%,0.38%,0.00%,0.00%,0,0,0.00%,0.00%,"0,00 €","0,00 €",0,0
B0HGRFSV1T,B0HGRFSV1T,EmsCraft24 Trikotrahmen 63x83 cm mit Trikot Bügel Schablone Bilderrahmen MDF-Holz,3,3,0.05%,0.52%,5,5,0.06%,0.48%,0.00%,0.00%,0,0,0.00%,0.00%,"0,00 €","0,00 €",0,0
B0HGRFSV1T,B0HGRH93DF,Trikotrahmen 63x83cm mit Bügel Schablone Bilderrahmen schwarz Gold Glänzend,4,1,0.07%,0.17%,5,1,0.06%,0.10%,100.00%,100.00%,0,0,0.00%,0.00%,"0,00 €","0,00 €",0,0
B0HGRFSV1T,B0HGRLMQGZ,Trikotrahmen 63x83cm mit Bügel Schablone Bilderrahmen schwarz Weiß Matt,6,1,0.10%,0.17%,8,1,0.10%,0.10%,100.00%,100.00%,0,0,0.00%,0.00%,"0,00 €","0,00 €",0,0
B0HH9FZ6Z2,B0HH957LW9,EmsCraft24 Wandspiegel Querformat 40x60 cm Schwarz Matt - Kunststoffspiegel,2,1,0.03%,0.17%,2,1,0.02%,0.10%,100.00%,100.00%,0,0,0.00%,0.00%,"0,00 €","0,00 €",0,0
B0HH9FZ6Z2,B0HH9B589V,Wandspiegel Querformat 40x60 cm Gold Glänzend - Kunststoffspiegel,2,1,0.03%,0.17%,2,1,0.02%,0.10%,100.00%,100.00%,0,0,0.00%,0.00%,"0,00 €","0,00 €",0,0
B0HH9FZ6Z2,B0HH9B8RHV,Wandspiegel Querformat 40x60 cm Eiche Catania - Kunststoffspiegel,7,1,0.12%,0.17%,8,1,0.10%,0.10%,100.00%,40.00%,0,0,0.00%,0.00%,"0,00 €","0,00 €",0,0
B0HH9FZ6Z2,B0HH9BGCGX,EmsCraft24 Wandspiegel Querformat 40x60 cm Eiche Natur - Kunststoffspiegel,9,1,0.15%,0.17%,12,1,0.15%,0.10%,91.67%,100.00%,0,0,0.00%,0.00%,"0,00 €","0,00 €",0,0
B0HH9FZ6Z2,B0HH9FZ6Z2,EmsCraft24 Wandspiegel Querformat 60x40 cm montierbar - unzerbrechlicher Kunststoffspiegel handgefertigt in Deutschland KLARO,7,7,0.12%,1.22%,10,10,0.12%,0.96%,0.00%,0.00%,0,0,0.00%,0.00%,"0,00 €","0,00 €",0,0
B0HH9FZ6Z2,B0HH9HK4XH,EmsCraft24 Wandspiegel Querformat 40x60 cm Weiß Matt - Kunststoffspiegel,7,1,0.12%,0.17%,8,1,0.10%,0.10%,100.00%,100.00%,0,0,0.00%,0.00%,"0,00 €","0,00 €",0,0
B0HHDZ4Y96,B0HHDHB5H1,Kinderspiegel Wandspiegel 60x40 cm Schwarz Matt Kunststoffspiegel,12,4,0.21%,0.70%,15,5,0.19%,0.48%,100.00%,100.00%,0,0,0.00%,0.00%,"0,00 €","0,00 €",0,0
B0HHDZ4Y96,B0HHDMQWJF,Kinderspiegel Wandspiegel 60x40 cm Gold Glänzend Kunststoffspiegel,6,1,0.10%,0.17%,6,1,0.07%,0.10%,100.00%,100.00%,0,0,0.00%,0.00%,"0,00 €","0,00 €",0,0
B0HHDZ4Y96,B0HHDZ4Y96,Kinderspiegel Wandspiegel 60x40 cm Kunststoffspiegel - kindersicher,11,11,0.19%,1.91%,23,23,0.28%,2.21%,0.00%,0.00%,0,0,0.00%,0.00%,"0,00 €","0,00 €",0,0
B0HJCYY4QG,B0HJCTDHYR,EmsCraft24 Salzlampe aus der Salt Range Pakistan Nachtlicht Schalter (3-5 kg),5,3,0.09%,0.52%,16,14,0.20%,1.35%,100.00%,100.00%,0,0,0.00%,0.00%,"0,00 €","0,00 €",0,0
B0HJCYY4QG,B0HJCX97JX,EmsCraft24 Salzlampe aus der Salt Range Pakistan Nachtlicht Schalter (2-3 kg),15,3,0.26%,0.52%,20,7,0.25%,0.67%,100.00%,90.91%,0,0,0.00%,0.00%,"0,00 €","0,00 €",0,0
B0HJCYY4QG,B0HJCYY4QG,EmsCraft24 Salzlampe aus der Salt Range Pakistan Nachtlicht Schalter,7,7,0.12%,1.22%,31,31,0.38%,2.98%,0.00%,0.00%,0,0,0.00%,0.00%,"0,00 €","0,00 €",0,0
B0HJQ6VLQ6,B0HJQ6VLQ6,EmsCraft24 Salzlampe aus der Salt Range Pakistan Nachtlicht (Weiß 3-5 kg),1,1,0.02%,0.17%,1,1,0.01%,0.10%,100.00%,100.00%,0,0,0.00%,0.00%,"0,00 €","0,00 €",0,0
B0H6K9JD25,B0HJQF4WN2,EmsCraft24 Salzlampe aus der Salt Range Pakistan Nachtlicht (Weiß 5-7 kg),6,3,0.10%,0.52%,7,4,0.09%,0.38%,100.00%,100.00%,0,0,0.00%,0.00%,"0,00 €","0,00 €",0,0
B0HJQF4WN2,B0HJQF4WN2,EmsCraft24 Salzlampe aus der Salt Range Pakistan Nachtlicht (Weiß 5-7 kg),1,1,0.02%,0.17%,2,2,0.02%,0.19%,100.00%,100.00%,0,0,0.00%,0.00%,"0,00 €","0,00 €",0,0
B0HJQGS2HV,B0HJQGS2HV,EmsCraft24 Salzlampe aus der Salt Range Pakistan Nachtlicht (Weiß 2-3 kg),1,1,0.02%,0.17%,1,1,0.01%,0.10%,100.00%,100.00%,0,0,0.00%,0.00%,"0,00 €","0,00 €",0,0
B0H6K9JD25,B0HJQGS2HV,EmsCraft24 Salzlampe aus der Salt Range Pakistan Nachtlicht (Weiß 2-3 kg),38,7,0.65%,1.22%,44,12,0.54%,1.15%,100.00%,100.00%,0,0,0.00%,0.00%,"0,00 €","0,00 €",0,0