asin,sku,produkt,nettoertrag,umsatz_gesamt,nettoumsatz,einheiten,durchschn_verkaufspreis,verkaufsgebuehren,kosten_eingehende_sendungen,lagerkosten,lagerkosten_awd,versandkosten_fba,ruecksendungen,werbekosten,andere,kosten_verkaufte_ware,zeitraum,quelle
B0HC7QQYDV,RAHMENLOS-A4-40X60XCM,Bilderrahmen rahmenlos 40x60,53.68,62.44,62.44,5,12.49,3.86,0,0,0,0,0,4.9,0,0,2026-09-08 bis 2026-10-05,"Seller Central Gewinnanalyse, Seite 1 von 3"
B0H6KF29TN,EC24-LAMPE-4-6KG,Salzlampe 4-6 kg,-40.81,0,-47.4,-1,0,-8.4,0,0,0,0,1.68,0.13,0,0,2026-09-08 bis 2026-10-05,"Seller Central Gewinnanalyse, Seite 1 von 3"
B0HC7G12XQ,RAHMENLOS-A4-59X4X84X1XCMXA1,Bilderrahmen rahmenlos A1 59x84,474.16,666.52,594.69,35,16.99,91.5,0,0,0,0,2.24,26.79,0,0,2026-09-08 bis 2026-10-05,"Seller Central Gewinnanalyse, Seite 1 von 3"
B0H1GVQGK5,FBA_KLARO_Eiche Catania_60x40,Wandspiegel 60x40 Eiche Catania,18.02,21.0,21.0,1,21.0,2.98,0,0,0,0,0,0,0,0,2026-09-08 bis 2026-10-05,"Seller Central Gewinnanalyse, Seite 1 von 3"
B0HHDN6FVZ,KIARO_Eiche Natur_60x40,Kinderspiegel Eiche Natur,70.6,84.0,84.0,4,21.0,13.4,0,0,0,0,0,0,0,0,2026-09-08 bis 2026-10-05,"Seller Central Gewinnanalyse, Seite 1 von 3"
B0HC7L8SZ8,RAHMENLOS-A4-50X70XCM,Bilderrahmen rahmenlos 50x70,164.95,263.75,248.8,18,13.82,31.58,0,0,0,0,0.29,51.98,0,0,2026-09-08 bis 2026-10-05,"Seller Central Gewinnanalyse, Seite 1 von 3"
B0HC3LRZVM,RAHMENLOS-A4-21X29X7XCMXA4X5ERXSET,Bilderrahmen rahmenlos A4 5er Set,324.16,485.44,429.47,37,11.61,48.33,0,0,0,0,1.06,55.92,0,0,2026-09-08 bis 2026-10-05,"Seller Central Gewinnanalyse, Seite 1 von 3"
B0GLGTBP9K,Beige-EC24-Katzenbaum,Katzenbaum DeluxePet,86.04,109.24,109.24,1,109.24,23.2,0,0,0,0,0,0,0,0,2026-09-08 bis 2026-10-05,"Seller Central Gewinnanalyse, Seite 1 von 3"
B0HHDWN5XD,KIARO_Weiß Matt_60x40,Kinderspiegel Weiß Matt,49.61,63.0,63.0,3,21.0,13.39,0,0,0,0,0,0,0,0,2026-09-08 bis 2026-10-05,"Seller Central Gewinnanalyse, Seite 1 von 3"
B094RBZJ1W,QG-LB1D-LQDT,Sandkasten Basic 80x80,23.16,29.4,29.4,1,29.4,6.24,0,0,0,0,0,0,0,0,2026-09-08 bis 2026-10-05,"Seller Central Gewinnanalyse, Seite 1 von 3"
B0HGRDN9PK,RAHMENLOS-A4-A3-5ER,Bilderrahmen rahmenlos A3 5er Set,70.22,79.2,79.2,5,15.8,8.98,0,0,0,0,0,0,0,0,2026-09-08 bis 2026-10-05,"Seller Central Gewinnanalyse, Seite 1 von 3"
B0H6K8ZY9P,EC24-LAMPE-1-2KG,Salzlampe 1-2 kg (FBM),268.63,506.53,482.65,34,14.2,55.58,0,0,0,0,0.36,158.08,0,0,2026-09-08 bis 2026-10-05,"Seller Central Gewinnanalyse, Seite 1 von 3"
B0H1HHQ6RM,FBA_KLARO_Schwarz Matt_60x40,Wandspiegel 60x40 Schwarz Matt,54.08,63.0,63.0,3,21.0,8.92,0,0,0,0,0,0,0,0,2026-09-08 bis 2026-10-05,"Seller Central Gewinnanalyse, Seite 1 von 3"
B0HFJLKKJF,KLARO_Eiche Natur_60x40,Wandspiegel 60x40 Eiche Natur,214.27,268.09,243.1,11,22.1,28.23,0,0,0,0,0.6,0,0,0,2026-09-08 bis 2026-10-05,"Seller Central Gewinnanalyse, Seite 1 von 3"
B0HF51T81T,SIDEKICK_BLACK_EC24,Cityroller,158.47,263.97,199.08,7,28.44,38.29,0,0,0,0,2.32,0,0,0,2026-09-08 bis 2026-10-05,"Seller Central Gewinnanalyse, Seite 1 von 3"
B08T17HG4G,VR-C85U-YAFP,Rollrost 140x200,284.2,523.53,355.53,5,71.11,65.33,0,0,0,0,6.0,0,0,0,2026-09-08 bis 2026-10-05,"Seller Central Gewinnanalyse, Seite 1 von 3"
B0HC7LTTR4,RAHMENLOS-A4-42X59X4XCMXA2,Bilderrahmen rahmenlos A2 42x59,228.23,291.21,261.23,20,13.06,26.76,0,0,0,0,0.57,5.67,0,0,2026-09-08 bis 2026-10-05,"Seller Central Gewinnanalyse, Seite 1 von 3"
B0DYDT2DX6,M8-3MDM-1J9J,Rollrost 90x200 Federleisten,74.45,84.63,84.63,2,42.32,10.18,0,0,0,0,0,0,0,0,2026-09-08 bis 2026-10-05,"Seller Central Gewinnanalyse, Seite 1 von 3"
B0HG9JKTLY,Salzstein Mini,Mini-Salzlampe Salzstein,22.22,25.2,25.2,2,12.6,2.85,0,0,0,0,0,0.13,0,0,2026-09-08 bis 2026-10-05,"Seller Central Gewinnanalyse, Seite 1 von 3"
B0H6KHBWC7,FBA_EC24-LAMPE-2-3KG,Salzlampe 2-3 kg (FBA),68.58,105.0,105.0,5,21.0,8.92,9.08,0,0,18.42,0,0,0,0,2026-09-08 bis 2026-10-05,"Seller Central Gewinnanalyse, Seite 1 von 3"
B0H6K8ZY9P,FBA_ EC24-LAMPE-1-2KG,Salzlampe 1-2 kg (FBA),30.03,98.71,98.71,7,14.1,9.14,22.7,0,0,36.84,0,0,0,0,2026-09-08 bis 2026-10-05,"Seller Central Gewinnanalyse, Seite 1 von 3"
,DM-HCTC-VMNA,Lamellenwand Eiche Delano,-0.02,0,0,0,0,0,0,0,0,0,0,0.02,0,0,2026-09-08 bis 2026-10-05,"Seller Central Gewinnanalyse, Seite 1 von 3"
B07YSTRMDD,Roller_Sidekick_black/green,Cityroller grün/schwarz,39.54,50.4,50.4,2,25.2,10.71,0,0,0,0,0,0.15,0,0,2026-09-08 bis 2026-10-05,"Seller Central Gewinnanalyse, Seite 1 von 3"
B0H6KJ19QH,EC24-LAMPE-6-9KG,Salzlampe 6-9 kg,-0.15,0,0,0,0,0,0,0,0,0,0,0.15,0,0,2026-09-08 bis 2026-10-05,"Seller Central Gewinnanalyse, Seite 1 von 3"
B0HFJPFLW8,KLARO_Gold_60x40,Wandspiegel 60x40 Gold,18.02,21.0,21.0,1,21.0,2.98,0,0,0,0,0,0,0,0,2026-09-08 bis 2026-10-05,"Seller Central Gewinnanalyse, Seite 1 von 3"
