rang,asin,sku,produkt,umsatz_eur,einheiten,seitenaufrufe,bestand,fulfillment,preis_eur,hinweis
1,B0HC3LRZVM,RAHMENLOS-A4-21X29X7XCMXA4X5ERXSET,Bilderrahmen 21x29,564,42,,51,FBM,13.99,
2,B0H1GVXBR4,FBA1_KLARO_Weiß Matt_60x40,Wandspiegel 60x40 Weiß,965,40,1178,13,FBA,29.99,
3,B0HC7G12XQ,RAHMENLOS-A4-59X4X84X1XCMXA1,Bilderrahmen 59x84,730,38,,60,FBM,21.99,
4,B0H6K8ZY9P,EC24-LAMPE-1-2KG,Salzlampe 1-2 kg,601,36,1012,90,FBM,19.90,Angebotsdaten verbessern
5,B0H1HHQ6RM,FBA1_KLARO_Schwarz Matt_60x40,Wandspiegel 60x40 Schwarz,786,29,,33,FBA,29.99,
6,B0HC7LTTR4,RAHMENLOS-A4-42X59X4XCMXA2,Bilderrahmen 42x59,274,23,,72,FBM,14.99,
7,B0HC7L8SZ8,RAHMENLOS-A4-50X70XCM,Bilderrahmen 50x70,282,19,,77,FBM,14.99,
8,B0H1GVXBR4,FBA_KLARO_Weiß Matt_60x40,Wandspiegel 60x40 Weiß,452,19,1178,87,FBM,24.99,
9,B0H1GVQGK5,FBA1_KLARO_Eiche Catania_60x40,Wandspiegel 60x40 Eiche Catania,371,15,,22,FBA,29.99,
10,B0HC7KZQHN,RAHMENLOS-A4-20X30XCM,Bilderrahmen 20x30,99,14,,86,FBM,8.99,
11,B0HFJLKKJF,KLARO_Eiche Natur_60x40,Wandspiegel 60x40 Eiche Natur,313,11,,77,FBM,29.99,
12,B0HF51T81T,SIDEKICK_BLACK_EC24,Cityroller Kickscooter,314,9,,97,FBM,29.99,Angebotsdaten verbessern
13,B08T17HG4G,VR-C85U-YAFP,CLAMARO Rollrost 140x200,459,7,,131,FBM,89.00,Risiko zur Angebotsentfernung
14,B0HC7DTH7D,RAHMENLOS-A4-29X7X42XCMXA3,Bilderrahmen 29x42,69,7,,93,FBM,18.99,
15,B0H6K8ZY9P,FBA_ EC24-LAMPE-1-2KG,Salzlampe 1-2 kg,97,6,1012,5,FBA,19.50,Angebotsdaten verbessern
16,B0H6KHBWC7,EC24-LAMPE-2-3KG,Salzlampe 2-3 kg,152,6,,87,FBM,28.99,
17,B08T1FKJJF,B08T1FKJJF,Rollrost Lattenrost 90x200,299,6,,184,FBM,59.99,Risiko zur Angebotsentfernung
18,B0HGRDN9PK,RAHMENLOS-A4-A3-5ER,Bilderrahmen A3 5er,113,5,,94,FBM,18.85,
19,B0H6K63JP4,EC24-LAMPE-3-5KG,Salzlampe 3-5 kg,119,4,,94,FBM,29.90,Angebotsdaten verbessern
20,B0HCC4PDML,9E-DPT6-71A2,Salzlampe,120,4,,96,FBM,31.90,Angebotsdaten verbessern
21,B0HC7QQYDV,RAHMENLOS-A4-40X60XCM,Bilderrahmen 40x60,40,3,,95,FBM,16.99,
22,B0HHDWN5XD,KIARO_Weiß Matt_60x40,Kinderspiegel Weiß,74,3,,97,FBM,24.99,Angebotsdaten verbessern
23,B0HHDN6FVZ,KIARO_Eiche Natur_60x40,Kinderspiegel Eiche Natur,74,3,,95,FBM,24.99,Angebotsdaten verbessern
24,B0H1HHQ6RM,FBA_KLARO_Schwarz Matt_60x40,Wandspiegel 60x40 Schwarz,74,3,,82,FBM,34.99,
25,B0H6KHBWC7,FBA_EC24-LAMPE-2-3KG,Salzlampe 2-3 kg,74,3,,0,FBA,24.99,Angebotsdaten verbessern
