sku,gtin,titel,marke,provisionsbereich,provisionsgruppe,versandprofil,preis_eur,bestand,farbe,masse,anzahl,form,material,rahmenmaterial,montageart,raumtyp,bullet_1,bullet_2,bullet_3,bullet_4,bullet_5,beschreibung,bild_1,bild_2,bild_3,bild_4,bild_5,bild_6,bild_7,status
S02-KLARO-WEISS-MATT-60x40,4255822601829,EmsCraft24 Wandspiegel 2er Set 60x40 cm Weiß Matt Hoch- und Querformat Kunststoffspiegel,EmsCraft24,Einrichten & Wohnen,Möbel,Schneller Versand,49.99,100,Weiß Matt,60 x 40 cm,2,Rechteckig,Kunststoffspiegel,MDF,Wandmontage,Badezimmer,"2 SPIEGEL IM SET: Zwei Wandspiegel in Weiß Matt, je 60 x 40 cm, einheitlich in einer Farbe, ideal für eine Spiegelgruppe im Flur, Wohnzimmer, Schlafzimmer oder Bad","BRUCHSICHER UND SPLITTERFREI: Kunststoffspiegel statt Glas, leicht, robust und langlebig, kein Glasbruch beim Transport und bei der Montage","HOCH- ODER QUERFORMAT: jeder Spiegel misst 60 x 40 cm und lässt sich senkrecht oder waagerecht anbringen, so entsteht eine hell und freundlich Wandgestaltung, die zu skandinavischen, hellen und modernen Einrichtungen passt","KOMPLETTES AUFHÄNGESET INKLUSIVE: Aufhänger, Schrauben und Dübel liegen bei, die Spiegel werden an der Wand befestigt und sind für Hoch- und Querformat geeignet","HANDGEFERTIGT IN DEUTSCHLAND: eigene Fertigung, Rahmen aus MDF-Holzwerkstoff mit Furnier, Profil 30 mm breit und 16 mm tief, ca. 1,1 kg je Spiegel","Mit dem 2er Set Wandspiegel 60x40 cm in Weiß Matt gestaltest du eine Spiegelwand aus zwei gleichen Spiegeln. Die Spiegel bestehen aus bruchsicherem, splitterfreiem Kunststoff und sind deutlich leichter als Glasspiegel. Jeder Spiegel passt hochkant und quer, sodass du Reihen, Gruppen oder versetzte Anordnungen frei planen kannst. Die Farbe Weiß Matt wirkt hell und freundlich und passt zu skandinavischen, hellen und modernen Einrichtungen. Der Rahmen besteht aus MDF-Holzwerkstoff mit Furnier (Profil 30 mm breit, 16 mm tief), jeder Spiegel wiegt ca. 1,1 kg.",,,,,,,,Entwurf
S02-KLARO-SCHWARZ-MATT-60x40,4255822601836,EmsCraft24 Wandspiegel 2er Set 60x40 cm Schwarz Matt Hoch- und Querformat Kunststoffspiegel,EmsCraft24,Einrichten & Wohnen,Möbel,Schneller Versand,49.99,100,Schwarz Matt,60 x 40 cm,2,Rechteckig,Kunststoffspiegel,MDF,Wandmontage,Badezimmer,"2 SPIEGEL IM SET: Zwei Wandspiegel in Schwarz Matt, je 60 x 40 cm, einheitlich in einer Farbe, ideal für eine Spiegelgruppe im Flur, Wohnzimmer, Schlafzimmer oder Bad","BRUCHSICHER UND SPLITTERFREI: Kunststoffspiegel statt Glas, leicht, robust und langlebig, kein Glasbruch beim Transport und bei der Montage","HOCH- ODER QUERFORMAT: jeder Spiegel misst 60 x 40 cm und lässt sich senkrecht oder waagerecht anbringen, so entsteht eine klar und markant Wandgestaltung, die zu modernen, industriellen und minimalistischen Einrichtungen passt","KOMPLETTES AUFHÄNGESET INKLUSIVE: Aufhänger, Schrauben und Dübel liegen bei, die Spiegel werden an der Wand befestigt und sind für Hoch- und Querformat geeignet","HANDGEFERTIGT IN DEUTSCHLAND: eigene Fertigung, Rahmen aus MDF-Holzwerkstoff mit Furnier, Profil 30 mm breit und 16 mm tief, ca. 1,1 kg je Spiegel","Mit dem 2er Set Wandspiegel 60x40 cm in Schwarz Matt gestaltest du eine Spiegelwand aus zwei gleichen Spiegeln. Die Spiegel bestehen aus bruchsicherem, splitterfreiem Kunststoff und sind deutlich leichter als Glasspiegel. Jeder Spiegel passt hochkant und quer, sodass du Reihen, Gruppen oder versetzte Anordnungen frei planen kannst. Die Farbe Schwarz Matt wirkt klar und markant und passt zu modernen, industriellen und minimalistischen Einrichtungen. Der Rahmen besteht aus MDF-Holzwerkstoff mit Furnier (Profil 30 mm breit, 16 mm tief), jeder Spiegel wiegt ca. 1,1 kg.",,,,,,,,Entwurf
S02-KLARO-EICHE-CATANIA-60x40,4255822601843,EmsCraft24 Wandspiegel 2er Set 60x40 cm Eiche Catania Hoch- und Querformat Kunststoffspiegel,EmsCraft24,Einrichten & Wohnen,Möbel,Schneller Versand,49.99,100,Eiche Catania,60 x 40 cm,2,Rechteckig,Kunststoffspiegel,MDF,Wandmontage,Badezimmer,"2 SPIEGEL IM SET: Zwei Wandspiegel in Eiche Catania, je 60 x 40 cm, einheitlich in einer Farbe, ideal für eine Spiegelgruppe im Flur, Wohnzimmer, Schlafzimmer oder Bad","BRUCHSICHER UND SPLITTERFREI: Kunststoffspiegel statt Glas, leicht, robust und langlebig, kein Glasbruch beim Transport und bei der Montage","HOCH- ODER QUERFORMAT: jeder Spiegel misst 60 x 40 cm und lässt sich senkrecht oder waagerecht anbringen, so entsteht eine warm und natürlich Wandgestaltung, die zu warmen, wohnlichen Einrichtungen mit Holzakzenten passt","KOMPLETTES AUFHÄNGESET INKLUSIVE: Aufhänger, Schrauben und Dübel liegen bei, die Spiegel werden an der Wand befestigt und sind für Hoch- und Querformat geeignet","HANDGEFERTIGT IN DEUTSCHLAND: eigene Fertigung, Rahmen aus MDF-Holzwerkstoff mit Furnier, Profil 30 mm breit und 16 mm tief, ca. 1,1 kg je Spiegel","Mit dem 2er Set Wandspiegel 60x40 cm in Eiche Catania gestaltest du eine Spiegelwand aus zwei gleichen Spiegeln. Die Spiegel bestehen aus bruchsicherem, splitterfreiem Kunststoff und sind deutlich leichter als Glasspiegel. Jeder Spiegel passt hochkant und quer, sodass du Reihen, Gruppen oder versetzte Anordnungen frei planen kannst. Die Farbe Eiche Catania wirkt warm und natürlich und passt zu warmen, wohnlichen Einrichtungen mit Holzakzenten. Der Rahmen besteht aus MDF-Holzwerkstoff mit Furnier (Profil 30 mm breit, 16 mm tief), jeder Spiegel wiegt ca. 1,1 kg.",,,,,,,,Entwurf
S02-KLARO-EICHE-NATUR-60x40,4255822601850,EmsCraft24 Wandspiegel 2er Set 60x40 cm Eiche Natur Hoch- und Querformat Kunststoffspiegel,EmsCraft24,Einrichten & Wohnen,Möbel,Schneller Versand,49.99,100,Eiche Natur,60 x 40 cm,2,Rechteckig,Kunststoffspiegel,MDF,Wandmontage,Badezimmer,"2 SPIEGEL IM SET: Zwei Wandspiegel in Eiche Natur, je 60 x 40 cm, einheitlich in einer Farbe, ideal für eine Spiegelgruppe im Flur, Wohnzimmer, Schlafzimmer oder Bad","BRUCHSICHER UND SPLITTERFREI: Kunststoffspiegel statt Glas, leicht, robust und langlebig, kein Glasbruch beim Transport und bei der Montage","HOCH- ODER QUERFORMAT: jeder Spiegel misst 60 x 40 cm und lässt sich senkrecht oder waagerecht anbringen, so entsteht eine natürlich und ruhig Wandgestaltung, die zu natürlichen Einrichtungen im Landhaus- und Holzstil passt","KOMPLETTES AUFHÄNGESET INKLUSIVE: Aufhänger, Schrauben und Dübel liegen bei, die Spiegel werden an der Wand befestigt und sind für Hoch- und Querformat geeignet","HANDGEFERTIGT IN DEUTSCHLAND: eigene Fertigung, Rahmen aus MDF-Holzwerkstoff mit Furnier, Profil 30 mm breit und 16 mm tief, ca. 1,1 kg je Spiegel","Mit dem 2er Set Wandspiegel 60x40 cm in Eiche Natur gestaltest du eine Spiegelwand aus zwei gleichen Spiegeln. Die Spiegel bestehen aus bruchsicherem, splitterfreiem Kunststoff und sind deutlich leichter als Glasspiegel. Jeder Spiegel passt hochkant und quer, sodass du Reihen, Gruppen oder versetzte Anordnungen frei planen kannst. Die Farbe Eiche Natur wirkt natürlich und ruhig und passt zu natürlichen Einrichtungen im Landhaus- und Holzstil. Der Rahmen besteht aus MDF-Holzwerkstoff mit Furnier (Profil 30 mm breit, 16 mm tief), jeder Spiegel wiegt ca. 1,1 kg.",,,,,,,,Entwurf
S02-KLARO-GOLD-GLAENZEND-60x40,4255822601867,EmsCraft24 Wandspiegel 2er Set 60x40 cm Gold Hoch- und Querformat Kunststoffspiegel,EmsCraft24,Einrichten & Wohnen,Möbel,Schneller Versand,49.99,100,Gold,60 x 40 cm,2,Rechteckig,Kunststoffspiegel,MDF,Wandmontage,Badezimmer,"2 SPIEGEL IM SET: Zwei Wandspiegel in Gold Glänzend, je 60 x 40 cm, einheitlich in einer Farbe, ideal für eine Spiegelgruppe im Flur, Wohnzimmer, Schlafzimmer oder Bad","BRUCHSICHER UND SPLITTERFREI: Kunststoffspiegel statt Glas, leicht, robust und langlebig, kein Glasbruch beim Transport und bei der Montage","HOCH- ODER QUERFORMAT: jeder Spiegel misst 60 x 40 cm und lässt sich senkrecht oder waagerecht anbringen, so entsteht eine elegant und glänzend Wandgestaltung, die zu eleganten Einrichtungen mit Gold- und Messing-Akzenten passt","KOMPLETTES AUFHÄNGESET INKLUSIVE: Aufhänger, Schrauben und Dübel liegen bei, die Spiegel werden an der Wand befestigt und sind für Hoch- und Querformat geeignet","HANDGEFERTIGT IN DEUTSCHLAND: eigene Fertigung, Rahmen aus MDF-Holzwerkstoff mit Furnier, Profil 30 mm breit und 16 mm tief, ca. 1,1 kg je Spiegel","Mit dem 2er Set Wandspiegel 60x40 cm in Gold Glänzend gestaltest du eine Spiegelwand aus zwei gleichen Spiegeln. Die Spiegel bestehen aus bruchsicherem, splitterfreiem Kunststoff und sind deutlich leichter als Glasspiegel. Jeder Spiegel passt hochkant und quer, sodass du Reihen, Gruppen oder versetzte Anordnungen frei planen kannst. Die Farbe Gold Glänzend wirkt elegant und glänzend und passt zu eleganten Einrichtungen mit Gold- und Messing-Akzenten. Der Rahmen besteht aus MDF-Holzwerkstoff mit Furnier (Profil 30 mm breit, 16 mm tief), jeder Spiegel wiegt ca. 1,1 kg.",,,,,,,,Entwurf
S03-KLARO-WEISS-MATT-60x40,4255822601874,EmsCraft24 Wandspiegel 3er Set 60x40 cm Weiß Matt Hoch- und Querformat Kunststoffspiegel,EmsCraft24,Einrichten & Wohnen,Möbel,Schneller Versand,74.99,100,Weiß Matt,60 x 40 cm,3,Rechteckig,Kunststoffspiegel,MDF,Wandmontage,Badezimmer,"3 SPIEGEL IM SET: Drei Wandspiegel in Weiß Matt, je 60 x 40 cm, einheitlich in einer Farbe, ideal für eine Spiegelgruppe im Flur, Wohnzimmer, Schlafzimmer oder Bad","BRUCHSICHER UND SPLITTERFREI: Kunststoffspiegel statt Glas, leicht, robust und langlebig, kein Glasbruch beim Transport und bei der Montage","HOCH- ODER QUERFORMAT: jeder Spiegel misst 60 x 40 cm und lässt sich senkrecht oder waagerecht anbringen, so entsteht eine hell und freundlich Wandgestaltung, die zu skandinavischen, hellen und modernen Einrichtungen passt","KOMPLETTES AUFHÄNGESET INKLUSIVE: Aufhänger, Schrauben und Dübel liegen bei, die Spiegel werden an der Wand befestigt und sind für Hoch- und Querformat geeignet","HANDGEFERTIGT IN DEUTSCHLAND: eigene Fertigung, Rahmen aus MDF-Holzwerkstoff mit Furnier, Profil 30 mm breit und 16 mm tief, ca. 1,1 kg je Spiegel","Mit dem 3er Set Wandspiegel 60x40 cm in Weiß Matt gestaltest du eine Spiegelwand aus drei gleichen Spiegeln. Die Spiegel bestehen aus bruchsicherem, splitterfreiem Kunststoff und sind deutlich leichter als Glasspiegel. Jeder Spiegel passt hochkant und quer, sodass du Reihen, Gruppen oder versetzte Anordnungen frei planen kannst. Die Farbe Weiß Matt wirkt hell und freundlich und passt zu skandinavischen, hellen und modernen Einrichtungen. Der Rahmen besteht aus MDF-Holzwerkstoff mit Furnier (Profil 30 mm breit, 16 mm tief), jeder Spiegel wiegt ca. 1,1 kg.",,,,,,,,Entwurf
S03-KLARO-SCHWARZ-MATT-60x40,4255822601881,EmsCraft24 Wandspiegel 3er Set 60x40 cm Schwarz Matt Hoch- und Querformat Kunststoffspiegel,EmsCraft24,Einrichten & Wohnen,Möbel,Schneller Versand,74.99,100,Schwarz Matt,60 x 40 cm,3,Rechteckig,Kunststoffspiegel,MDF,Wandmontage,Badezimmer,"3 SPIEGEL IM SET: Drei Wandspiegel in Schwarz Matt, je 60 x 40 cm, einheitlich in einer Farbe, ideal für eine Spiegelgruppe im Flur, Wohnzimmer, Schlafzimmer oder Bad","BRUCHSICHER UND SPLITTERFREI: Kunststoffspiegel statt Glas, leicht, robust und langlebig, kein Glasbruch beim Transport und bei der Montage","HOCH- ODER QUERFORMAT: jeder Spiegel misst 60 x 40 cm und lässt sich senkrecht oder waagerecht anbringen, so entsteht eine klar und markant Wandgestaltung, die zu modernen, industriellen und minimalistischen Einrichtungen passt","KOMPLETTES AUFHÄNGESET INKLUSIVE: Aufhänger, Schrauben und Dübel liegen bei, die Spiegel werden an der Wand befestigt und sind für Hoch- und Querformat geeignet","HANDGEFERTIGT IN DEUTSCHLAND: eigene Fertigung, Rahmen aus MDF-Holzwerkstoff mit Furnier, Profil 30 mm breit und 16 mm tief, ca. 1,1 kg je Spiegel","Mit dem 3er Set Wandspiegel 60x40 cm in Schwarz Matt gestaltest du eine Spiegelwand aus drei gleichen Spiegeln. Die Spiegel bestehen aus bruchsicherem, splitterfreiem Kunststoff und sind deutlich leichter als Glasspiegel. Jeder Spiegel passt hochkant und quer, sodass du Reihen, Gruppen oder versetzte Anordnungen frei planen kannst. Die Farbe Schwarz Matt wirkt klar und markant und passt zu modernen, industriellen und minimalistischen Einrichtungen. Der Rahmen besteht aus MDF-Holzwerkstoff mit Furnier (Profil 30 mm breit, 16 mm tief), jeder Spiegel wiegt ca. 1,1 kg.",,,,,,,,Entwurf
S03-KLARO-EICHE-CATANIA-60x40,4255822601898,EmsCraft24 Wandspiegel 3er Set 60x40 cm Eiche Catania Hoch- und Querformat Kunststoffspiegel,EmsCraft24,Einrichten & Wohnen,Möbel,Schneller Versand,74.99,100,Eiche Catania,60 x 40 cm,3,Rechteckig,Kunststoffspiegel,MDF,Wandmontage,Badezimmer,"3 SPIEGEL IM SET: Drei Wandspiegel in Eiche Catania, je 60 x 40 cm, einheitlich in einer Farbe, ideal für eine Spiegelgruppe im Flur, Wohnzimmer, Schlafzimmer oder Bad","BRUCHSICHER UND SPLITTERFREI: Kunststoffspiegel statt Glas, leicht, robust und langlebig, kein Glasbruch beim Transport und bei der Montage","HOCH- ODER QUERFORMAT: jeder Spiegel misst 60 x 40 cm und lässt sich senkrecht oder waagerecht anbringen, so entsteht eine warm und natürlich Wandgestaltung, die zu warmen, wohnlichen Einrichtungen mit Holzakzenten passt","KOMPLETTES AUFHÄNGESET INKLUSIVE: Aufhänger, Schrauben und Dübel liegen bei, die Spiegel werden an der Wand befestigt und sind für Hoch- und Querformat geeignet","HANDGEFERTIGT IN DEUTSCHLAND: eigene Fertigung, Rahmen aus MDF-Holzwerkstoff mit Furnier, Profil 30 mm breit und 16 mm tief, ca. 1,1 kg je Spiegel","Mit dem 3er Set Wandspiegel 60x40 cm in Eiche Catania gestaltest du eine Spiegelwand aus drei gleichen Spiegeln. Die Spiegel bestehen aus bruchsicherem, splitterfreiem Kunststoff und sind deutlich leichter als Glasspiegel. Jeder Spiegel passt hochkant und quer, sodass du Reihen, Gruppen oder versetzte Anordnungen frei planen kannst. Die Farbe Eiche Catania wirkt warm und natürlich und passt zu warmen, wohnlichen Einrichtungen mit Holzakzenten. Der Rahmen besteht aus MDF-Holzwerkstoff mit Furnier (Profil 30 mm breit, 16 mm tief), jeder Spiegel wiegt ca. 1,1 kg.",,,,,,,,Entwurf
S03-KLARO-EICHE-NATUR-60x40,4255822601904,EmsCraft24 Wandspiegel 3er Set 60x40 cm Eiche Natur Hoch- und Querformat Kunststoffspiegel,EmsCraft24,Einrichten & Wohnen,Möbel,Schneller Versand,74.99,100,Eiche Natur,60 x 40 cm,3,Rechteckig,Kunststoffspiegel,MDF,Wandmontage,Badezimmer,"3 SPIEGEL IM SET: Drei Wandspiegel in Eiche Natur, je 60 x 40 cm, einheitlich in einer Farbe, ideal für eine Spiegelgruppe im Flur, Wohnzimmer, Schlafzimmer oder Bad","BRUCHSICHER UND SPLITTERFREI: Kunststoffspiegel statt Glas, leicht, robust und langlebig, kein Glasbruch beim Transport und bei der Montage","HOCH- ODER QUERFORMAT: jeder Spiegel misst 60 x 40 cm und lässt sich senkrecht oder waagerecht anbringen, so entsteht eine natürlich und ruhig Wandgestaltung, die zu natürlichen Einrichtungen im Landhaus- und Holzstil passt","KOMPLETTES AUFHÄNGESET INKLUSIVE: Aufhänger, Schrauben und Dübel liegen bei, die Spiegel werden an der Wand befestigt und sind für Hoch- und Querformat geeignet","HANDGEFERTIGT IN DEUTSCHLAND: eigene Fertigung, Rahmen aus MDF-Holzwerkstoff mit Furnier, Profil 30 mm breit und 16 mm tief, ca. 1,1 kg je Spiegel","Mit dem 3er Set Wandspiegel 60x40 cm in Eiche Natur gestaltest du eine Spiegelwand aus drei gleichen Spiegeln. Die Spiegel bestehen aus bruchsicherem, splitterfreiem Kunststoff und sind deutlich leichter als Glasspiegel. Jeder Spiegel passt hochkant und quer, sodass du Reihen, Gruppen oder versetzte Anordnungen frei planen kannst. Die Farbe Eiche Natur wirkt natürlich und ruhig und passt zu natürlichen Einrichtungen im Landhaus- und Holzstil. Der Rahmen besteht aus MDF-Holzwerkstoff mit Furnier (Profil 30 mm breit, 16 mm tief), jeder Spiegel wiegt ca. 1,1 kg.",,,,,,,,Entwurf
S03-KLARO-GOLD-GLAENZEND-60x40,4255822601911,EmsCraft24 Wandspiegel 3er Set 60x40 cm Gold Hoch- und Querformat Kunststoffspiegel,EmsCraft24,Einrichten & Wohnen,Möbel,Schneller Versand,74.99,100,Gold,60 x 40 cm,3,Rechteckig,Kunststoffspiegel,MDF,Wandmontage,Badezimmer,"3 SPIEGEL IM SET: Drei Wandspiegel in Gold Glänzend, je 60 x 40 cm, einheitlich in einer Farbe, ideal für eine Spiegelgruppe im Flur, Wohnzimmer, Schlafzimmer oder Bad","BRUCHSICHER UND SPLITTERFREI: Kunststoffspiegel statt Glas, leicht, robust und langlebig, kein Glasbruch beim Transport und bei der Montage","HOCH- ODER QUERFORMAT: jeder Spiegel misst 60 x 40 cm und lässt sich senkrecht oder waagerecht anbringen, so entsteht eine elegant und glänzend Wandgestaltung, die zu eleganten Einrichtungen mit Gold- und Messing-Akzenten passt","KOMPLETTES AUFHÄNGESET INKLUSIVE: Aufhänger, Schrauben und Dübel liegen bei, die Spiegel werden an der Wand befestigt und sind für Hoch- und Querformat geeignet","HANDGEFERTIGT IN DEUTSCHLAND: eigene Fertigung, Rahmen aus MDF-Holzwerkstoff mit Furnier, Profil 30 mm breit und 16 mm tief, ca. 1,1 kg je Spiegel","Mit dem 3er Set Wandspiegel 60x40 cm in Gold Glänzend gestaltest du eine Spiegelwand aus drei gleichen Spiegeln. Die Spiegel bestehen aus bruchsicherem, splitterfreiem Kunststoff und sind deutlich leichter als Glasspiegel. Jeder Spiegel passt hochkant und quer, sodass du Reihen, Gruppen oder versetzte Anordnungen frei planen kannst. Die Farbe Gold Glänzend wirkt elegant und glänzend und passt zu eleganten Einrichtungen mit Gold- und Messing-Akzenten. Der Rahmen besteht aus MDF-Holzwerkstoff mit Furnier (Profil 30 mm breit, 16 mm tief), jeder Spiegel wiegt ca. 1,1 kg.",,,,,,,,Entwurf
