Status;Produkttitel;Artikelnummer;SKU;Provisionsbereich;Provisionsgruppe;Bestand;Versandprofil;Versandprofil-ID;Marke
Nicht verkaufsfähig;EmsCraft24 RC-Boot Futterboot Köderboot – RC Angelboot, 5200 mAh Akku lytec 2011-5;S0CJ80CI;flytec-rc-boot-ec24;Sport & Freizeit;Spielzeug;0;Schneller Versand;cb663c2c-10a8-5406-bdfb-9903c7caed99;EmsCraft24
Nicht verkaufsfähig;EmsCraft24 Schreibtischlampe Kristall-Tischlampe Weiß Natürliches Licht Himalaya;S01KA03X;Kristalllampe-Bialy-2-3kg-EC24;Einrichten & Wohnen;Lampen & Leuchten;39;Schneller Versand;cb663c2c-10a8-5406-bdfb-9903c7caed99;EmsCraft24
Nicht verkaufsfähig;EmsCraft24 Salzkristall-Tischlampe Mini Kristall-Tischlampe Rund Naturstein – Wohnlicht viele Modelle;S06JF0BRF3A;LampeSet-Helios-EC24;Einrichten & Wohnen;Lampen & Leuchten;9;Schneller Versand;cb663c2c-10a8-5406-bdfb-9903c7caed99;EmsCraft24
Nicht verkaufsfähig;EmsCraft24 Salzkristall-Tischlampe Mini Kristall-Tischlampe Rund Naturstein – Wohnlicht viele Modelle;S06JF0BRH3S;LampeSet-Kerzenhalter-EC24;Einrichten & Wohnen;Lampen & Leuchten;17;Schneller Versand;cb663c2c-10a8-5406-bdfb-9903c7caed99;EmsCraft24
Nicht verkaufsfähig;EmsCraft24 Salzkristall-Tischlampe Salzkristall-Tischlampe Stein 1-9kg;S02JD0D2;Salzlampe-5-7kg-EC24;Einrichten & Wohnen;Lampen & Leuchten;39;Schneller Versand;cb663c2c-10a8-5406-bdfb-9903c7caed99;EmsCraft24
Nicht verkaufsfähig;EmsCraft24 Bilderrahmen Trikotrahmen 63 x 83 cm mit Trikot Bügel Halterung EmsCraft24 Fan;S0QJ502O;Trikot-Gold;Einrichten & Wohnen;Wohnaccessoires & Dekoration;97;Schneller Versand;cb663c2c-10a8-5406-bdfb-9903c7caed99;EmsCraft24
Nicht verkaufsfähig;EmsCraft24 Sandkasten Sandkasten Sandkiste Sandbox Beach aus Massivholz 28mm Imprägniert;S0ZJB0H3;EC24-150x150cm-IP;Garten & Heimwerken;Garten;0;Schneller Versand;cb663c2c-10a8-5406-bdfb-9903c7caed99;EmsCraft24
Verkaufsfähig;EmsCraft24 Bilderrahmen Trikotrahmen Schwarz 63 x 83 cm mit Trikot Bügel Halterung EmsCraft24;S0RJ70O8;SKU-5ffe9ff4-b997-480e-93ea-527d69f8a499-copy-5;Einrichten & Wohnen;Wohnaccessoires & Dekoration;90;Schneller Versand;cb663c2c-10a8-5406-bdfb-9903c7caed99;EmsCraft24
Nicht verkaufsfähig;EmsCraft24 Salzkristall-Tischlampe Salzkristall-Tischlampe Stein 1-9kg;S02JD0D2;TL-Salzlampe-3-5kg-EC24;Einrichten & Wohnen;Lampen & Leuchten;;Kein Versandprofil;;EmsCraft24
Nicht verkaufsfähig;EmsCraft24 Salzkristall-Tischlampe Salzkristall-Tischlampe Stein 1-9kg;S02JD0D2;Lampe-6-9kg-EC24;Einrichten & Wohnen;Lampen & Leuchten;39;Schneller Versand;cb663c2c-10a8-5406-bdfb-9903c7caed99;EmsCraft24
Nicht verkaufsfähig;Clamaro Treppenschutzgitter Türschutzgitter Treppenschutzgitter Massivholz zum Bohren, EmsCraft24;S0BJ80ZI;Treppi-EC24-1;Garten & Heimwerken;Baumarkt;0;Schneller Versand;cb663c2c-10a8-5406-bdfb-9903c7caed99;Clamaro
Verkaufsfähig;EmsCraft24 Beistellbett Gitterbett, Babybett aus Holz, Höhenverstellbar Clamaro Noah;S00JC0B2;Noah-Gitterbett-Camaro;Einrichten & Wohnen;Möbel;99;Schneller Versand;cb663c2c-10a8-5406-bdfb-9903c7caed99;EmsCraft24
Verkaufsfähig;EmsCraft24 Nachttischlampe Kristall-Tischlampe Natürliches Licht Himalaya;S04JF0GIZMD;Kristalllampe-4-6kg-EC24;Einrichten & Wohnen;Lampen & Leuchten;39;Schneller Versand;cb663c2c-10a8-5406-bdfb-9903c7caed99;EmsCraft24
Nicht verkaufsfähig;EmsCraft24 Salzkristall-Tischlampe Salzkristall-Tischlampe Stein 1-9kg;S02JD0D2;SKU-c24c12ec-1031-4f71-b202-7bd942364eec-copy;Einrichten & Wohnen;Lampen & Leuchten;57;Schneller Versand;cb663c2c-10a8-5406-bdfb-9903c7caed99;EmsCraft24
Nicht verkaufsfähig;EmsCraft24 Sandkasten Sandkasten Sandkiste Sandbox Beach aus Massivholz 28mm Imprägniert;S0ZJB0H3;EC24-190x190cm-IP;Garten & Heimwerken;Garten;0;Schneller Versand;cb663c2c-10a8-5406-bdfb-9903c7caed99;EmsCraft24
Nicht verkaufsfähig;EmsCraft24 Salzkristall-Tischlampe Salzkristall-Tischlampe Stein 1-9kg;S02JD0D2;TL-Salzlampe-5-7kg-EC24;Einrichten & Wohnen;Lampen & Leuchten;;Kein Versandprofil;;EmsCraft24
Nicht verkaufsfähig;Clamaro Treppenschutzgitter Treppenschutzgitter Türschutzgitter Massivholz zum Bohren;S0CGL05U;42-2Z41-9X37;Garten & Heimwerken;Baumarkt;0;Schneller Versand;cb663c2c-10a8-5406-bdfb-9903c7caed99;Clamaro
Verkaufsfähig;EmsCraft24 Wandspiegel Spiegel 60x40 cm Hoch- und Querformat Kunststoffspiegel montierbar;S0WJJ06RHA4;EC24_Wandspiegel_Schwarz Matt;Einrichten & Wohnen;Möbel;85;Schneller Versand;cb663c2c-10a8-5406-bdfb-9903c7caed99;EmsCraft24
Nicht verkaufsfähig;EmsCraft24 Wandpaneel Lamellenpaneel Akustik Akustikpaneel 2750x460x18mm Deckenhoch;S0BK308Y7MZ;020_Eiche_Delano_EC24;Garten & Heimwerken;Baumarkt;5;Schneller Versand;cb663c2c-10a8-5406-bdfb-9903c7caed99;EmsCraft24
Verkaufsfähig;Clamaro Lauflernwagen Gehfrei Lauflernhilfe – Sicherer Lauflernwagen für Babys;S09JK05PGZA;Gehfrei_Türkis_EC24;Sport & Freizeit;Babymöbel und -Mobilität;77;Schneller Versand;cb663c2c-10a8-5406-bdfb-9903c7caed99;Clamaro
Nicht verkaufsfähig;EmsCraft24 Salzkristall-Tischlampe Mini Kristall-Tischlampe Rund Naturstein – Wohnlicht viele Modelle, warm;S06JF0BRVRO;LampeSet-Luna-EC24;Einrichten & Wohnen;Lampen & Leuchten;0;Schneller Versand;cb663c2c-10a8-5406-bdfb-9903c7caed99;EmsCraft24
Verkaufsfähig;EmsCraft24 Nachttischlampe Kristall-Tischlampe Natürliches Licht Himalaya;S04JF0GISEX;Kristalllampe-LUNA-EC24;Einrichten & Wohnen;Lampen & Leuchten;97;Schneller Versand;cb663c2c-10a8-5406-bdfb-9903c7caed99;EmsCraft24
Verkaufsfähig;EmsCraft24 Wandspiegel Spiegel 70x50 cm Hoch- und Querformat Kunstoffspiegel montierbar;S0GK009WPP5;EC24_Wandspiegel_Eiche Catania_70x50;Einrichten & Wohnen;Möbel;100;Schneller Versand;cb663c2c-10a8-5406-bdfb-9903c7caed99;EmsCraft24
Nicht verkaufsfähig;EmsCraft24 Wandpaneel Lamellenpaneel Akustik Akustikpaneel 2750x460x18mm Deckenhoch;S0BK308YERA;028_Eiche_Artisan_EC24;Garten & Heimwerken;Baumarkt;0;Schneller Versand;cb663c2c-10a8-5406-bdfb-9903c7caed99;EmsCraft24
Verkaufsfähig;EmsCraft24 Schreibtischlampe Kristall-Mondlampe RGB;S06JF01S;SKU-d522a8ab-9f7c-4268-a4d1-617473f0eaf9;Einrichten & Wohnen;Lampen & Leuchten;10;Schneller Versand;cb663c2c-10a8-5406-bdfb-9903c7caed99;EmsCraft24
Nicht verkaufsfähig;EmsCraft24 Schreibtischlampe Kristall-Tischlampe Weiß Natürliches Licht Himalaya;S01KA03X;Kristallampe-Bialy-5-7kg-EC24;Einrichten & Wohnen;Lampen & Leuchten;0;Schneller Versand;cb663c2c-10a8-5406-bdfb-9903c7caed99;EmsCraft24
Nicht verkaufsfähig;EmsCraft24 Salzkristall-Tischlampe Salzkristall-Tischlampe Stein 1-9kg;S02JD0D2;Lampe-5-7kg-EC24;Einrichten & Wohnen;Lampen & Leuchten;39;Schneller Versand;cb663c2c-10a8-5406-bdfb-9903c7caed99;EmsCraft24
Verkaufsfähig;EmsCraft24 Kratzbaum Katzenbaum Kratzbaum deckenhoch höhenverstellbar groß 240-275 cm;S09KI0D0S45;Grau_Katzenbaum_EC24;Garten & Heimwerken;Tierbedarf;7;Schneller Versand;cb663c2c-10a8-5406-bdfb-9903c7caed99;EmsCraft24
Nicht verkaufsfähig;EmsCraft24 Salzkristall-Tischlampe Salzkristall-Tischlampe Stein 1-9kg;S02JD0D2;Salzlampe-4-6kg-EC24;Einrichten & Wohnen;Lampen & Leuchten;39;Schneller Versand;cb663c2c-10a8-5406-bdfb-9903c7caed99;EmsCraft24
Nicht verkaufsfähig;EmsCraft24 Salzkristall-Tischlampe Salzkristall-Tischlampe Stein 1-9kg;S02JD0D2;Salzlampe-3-5kg-EC24;Einrichten & Wohnen;Lampen & Leuchten;99;Schneller Versand;cb663c2c-10a8-5406-bdfb-9903c7caed99;EmsCraft24
Nicht verkaufsfähig;EmsCraft24 Sandkasten Sandkasten Sandkiste Sandbox Beach aus Massivholz 28mm Imprägniert;S0ZJB0H3;EC24-170x170cm-IP;Garten & Heimwerken;Garten;0;Schneller Versand;cb663c2c-10a8-5406-bdfb-9903c7caed99;EmsCraft24
Nicht verkaufsfähig;EmsCraft24 Bilderrahmen Trikotrahmen 63 x 83 cm mit Trikot Bügel Halterung EmsCraft24 Fan;S0QJ502O;SKU-5ffe9ff4-b997-480e-93ea-527d69f8a499-copy;Einrichten & Wohnen;Wohnaccessoires & Dekoration;0;Schneller Versand;cb663c2c-10a8-5406-bdfb-9903c7caed99;EmsCraft24
Verkaufsfähig;Clamaro Davoser Schlitten Piccolino Schlitten/Rodel Leichtmetall, belastbar 80kg Piccolino;S0KJY0IJ;Piccolino_ohne_Schieber_EC24;Sport & Freizeit;Sportgeräte & Outdoor;20;Schneller Versand;cb663c2c-10a8-5406-bdfb-9903c7caed99;Clamaro
Verkaufsfähig;EmsCraft24 Wandspiegel Spiegel 60x40 cm Hoch- und Querformat Kunststoffspiegel montierbar;S0WJJ06R0FM;EC24_Wandspiegel_Eiche Catania;Einrichten & Wohnen;Möbel;90;Schneller Versand;cb663c2c-10a8-5406-bdfb-9903c7caed99;EmsCraft24
Nicht verkaufsfähig;EmsCraft24 Bilderrahmen Trikotrahmen 63 x 83 cm mit Trikot Bügel Halterung EmsCraft24 Fan;S0QJ502O;EC24-TF-63x83-01;Einrichten & Wohnen;Wohnaccessoires & Dekoration;100;Schneller Versand;cb663c2c-10a8-5406-bdfb-9903c7caed99;EmsCraft24
Nicht verkaufsfähig;EmsCraft24 Salzkristall-Tischlampe Salzkristall-Tischlampe Stein 1-9kg;S02JD0D2;Salzlampe-2-3kg-EC24;Einrichten & Wohnen;Lampen & Leuchten;99;Schneller Versand;cb663c2c-10a8-5406-bdfb-9903c7caed99;EmsCraft24
Verkaufsfähig;EmsCraft24 Streusalz Clamaro Streusalz 20 kg – Auftausalz für Winterdienst, Straßen & Wege;S0LJY07Z;Streusalz_EC24;Garten & Heimwerken;Baumarkt;20;Schneller Versand;cb663c2c-10a8-5406-bdfb-9903c7caed99;EmsCraft24
Nicht verkaufsfähig;EmsCraft24 Salzkristall-Tischlampe Mini Kristall-Tischlampe Rund Naturstein – Wohnlicht viele Modelle;S06JF0BRNP6;LampeSet-RGB-Mond-EC24;Einrichten & Wohnen;Lampen & Leuchten;19;Schneller Versand;cb663c2c-10a8-5406-bdfb-9903c7caed99;EmsCraft24
Nicht verkaufsfähig;EmsCraft24 Salzkristall-Tischlampe Salzkristall-Tischlampe Stein 1-9kg;S02JD0D2;TL-Salzlampe-6-9kg-EC24;Einrichten & Wohnen;Lampen & Leuchten;;Kein Versandprofil;;EmsCraft24
Verkaufsfähig;EmsCraft24 Wandspiegel Spiegel 60x40 cm Hoch- und Querformat Kunststoffspiegel montierbar;S0WJJ06RK96;EC24_Wandspiegel_Glänzend Gold;Einrichten & Wohnen;Möbel;100;Schneller Versand;cb663c2c-10a8-5406-bdfb-9903c7caed99;EmsCraft24
Nicht verkaufsfähig;EmsCraft24 Salzkristall-Tischlampe Mini Kristall-Tischlampe Rund Naturstein – Wohnlicht viele Modelle;S06JF0BR0WC;LampeSet-Kugel-USB-EC24;Einrichten & Wohnen;Lampen & Leuchten;19;Schneller Versand;cb663c2c-10a8-5406-bdfb-9903c7caed99;EmsCraft24
Nicht verkaufsfähig;EmsCraft24 Wandpaneel Lamellenpaneel Akustik Akustikpaneel 2750x460x18mm Deckenhoch;S0BK308YI13;06_Eiche_Sonoma_EC24;Garten & Heimwerken;Baumarkt;0;Schneller Versand;cb663c2c-10a8-5406-bdfb-9903c7caed99;EmsCraft24
Nicht verkaufsfähig;EmsCraft24 Kratzbaum Katzenbaum Kratzbaum deckenhoch höhenverstellbar groß 240-275 cm;S09KI0D014T;Beige_Katzenbaum_EC24;Garten & Heimwerken;Tierbedarf;0;Schneller Versand;cb663c2c-10a8-5406-bdfb-9903c7caed99;EmsCraft24
Verkaufsfähig;EmsCraft24 Nachttischlampe Kristall-Tischlampe Natürliches Licht Himalaya;S04JF0GIDNN;Kristalllampe-3-5kg-EC24;Einrichten & Wohnen;Lampen & Leuchten;96;Schneller Versand;cb663c2c-10a8-5406-bdfb-9903c7caed99;EmsCraft24
Verkaufsfähig;EmsCraft24 Nachttischlampe Kristall-Tischlampe Natürliches Licht Himalaya;S04JF0GIWAL;Kristalllampe-6-9kg-EC24;Einrichten & Wohnen;Lampen & Leuchten;39;Schneller Versand;cb663c2c-10a8-5406-bdfb-9903c7caed99;EmsCraft24
Nicht verkaufsfähig;EmsCraft24 Wandpaneel Lamellenpaneel Akustik Akustikpaneel 2750x460x18mm Deckenhoch;S0BK308YHGE;011_Beton_Optik_EC24;Garten & Heimwerken;Baumarkt;5;Schneller Versand;cb663c2c-10a8-5406-bdfb-9903c7caed99;EmsCraft24
Verkaufsfähig;EmsCraft24 Bilderrahmen Trikotrahmen 63 x 83 cm Schwarz mit Trikot Bügel Halterung EmsCraft24;S01JD060;SKU-5ffe9ff4-b997-480e-93ea-527d69f8a499-copy-6;Einrichten & Wohnen;Wohnaccessoires & Dekoration;100;Schneller Versand;cb663c2c-10a8-5406-bdfb-9903c7caed99;EmsCraft24
Verkaufsfähig;Clamaro Cityroller Kickscooter 205mm gefedert klappbar bis 100kg, höhenverstellbar;S0XJJ0ZOJ12;Cityroller_Grün/Schwarz_EC24;Sport & Freizeit;Roller;110;Schneller Versand;cb663c2c-10a8-5406-bdfb-9903c7caed99;Clamaro
Nicht verkaufsfähig;EmsCraft24 Wandpaneel Lamellenpaneel Akustik Akustikpaneel 2750x460x18mm Deckenhoch;S0BK308YRL0;031_Eiche_Gold_EC24;Garten & Heimwerken;Baumarkt;0;Schneller Versand;cb663c2c-10a8-5406-bdfb-9903c7caed99;EmsCraft24
Nicht verkaufsfähig;EmsCraft24 Schreibtischlampe Kristall-Kugellampe USB Mini Salzkristall-Lampe EmsCraft24;S06JF01W;SKU-9174b166-d00d-4e11-986f-e7cead761173;Einrichten & Wohnen;Lampen & Leuchten;19;Schneller Versand;cb663c2c-10a8-5406-bdfb-9903c7caed99;EmsCraft24
Nicht verkaufsfähig;EmsCraft24 Salzkristall-Tischlampe Salzkristall-Tischlampe Stein 1-9kg;S02JD0D2;Salzlampe-6-9kg-EC24;Einrichten & Wohnen;Lampen & Leuchten;39;Schneller Versand;cb663c2c-10a8-5406-bdfb-9903c7caed99;EmsCraft24
Verkaufsfähig;Clamaro Lauflernwagen Gehfrei Lauflernhilfe – Sicherer Lauflernwagen für Babys;S09JK05PJVC;Gehfrei_Schwarz_EC24;Sport & Freizeit;Babymöbel und -Mobilität;90;Schneller Versand;cb663c2c-10a8-5406-bdfb-9903c7caed99;Clamaro
Nicht verkaufsfähig;EmsCraft24 Wandpaneel Lamellenpaneel Akustik Akustikpaneel 2750x460x18mm Deckenhoch;S0BK308YPJB;030_Anthrazit_EC24;Garten & Heimwerken;Baumarkt;1;Schneller Versand;cb663c2c-10a8-5406-bdfb-9903c7caed99;EmsCraft24
Verkaufsfähig;EmsCraft24 Bilderrahmen Bilderrahmen Trikotrahmen mit Bügel Halterung Schwarz 63x83cm Schwarz;S01JD05Z;SKU-5ffe9ff4-b997-480e-93ea-527d69f8a499-copy-1;Einrichten & Wohnen;Wohnaccessoires & Dekoration;96;Schneller Versand;cb663c2c-10a8-5406-bdfb-9903c7caed99;EmsCraft24
Verkaufsfähig;EmsCraft24 Nachttischlampe Kristall-Tischlampe Natürliches Licht Himalaya;S04JF0GIKSX;Bialy-1-2kg-EC24-Kristalllampe;Einrichten & Wohnen;Lampen & Leuchten;15;Schneller Versand;cb663c2c-10a8-5406-bdfb-9903c7caed99;EmsCraft24
Nicht verkaufsfähig;EmsCraft24 Salzkristall-Tischlampe Mini Kristall-Tischlampe Rund Naturstein – Wohnlicht viele Modelle;S06JF0BRVYY;Kristalllampe-Mini-EC24;Einrichten & Wohnen;Lampen & Leuchten;;Kein Versandprofil;;EmsCraft24
Nicht verkaufsfähig;EmsCraft24 Bilderrahmen Trikotrahmen Schwarz 63 x 83 cm mit Trikot Bügel Halterung EmsCraft24;S0RJ70O8;EC24-TF-63x83-05;Einrichten & Wohnen;Wohnaccessoires & Dekoration;100;Schneller Versand;cb663c2c-10a8-5406-bdfb-9903c7caed99;EmsCraft24
Nicht verkaufsfähig;EmsCraft24 Wandpaneel Lamellenpaneel Akustik Akustikpaneel 2750x460x18mm Deckenhoch;S0BK308Y31U;013_Gold_mit_Struktur_EC24;Garten & Heimwerken;Baumarkt;0;Schneller Versand;cb663c2c-10a8-5406-bdfb-9903c7caed99;EmsCraft24
Nicht verkaufsfähig;EmsCraft24 Schreibtischlampe Kristall-Mondlampe Rosa Salzkristall-Lampe USB;S06JF01V;SKU-9223b684-4413-4767-81ab-e114fa771c74;Einrichten & Wohnen;Lampen & Leuchten;0;Schneller Versand;cb663c2c-10a8-5406-bdfb-9903c7caed99;EmsCraft24
Nicht verkaufsfähig;EmsCraft24 Salzkristall-Tischlampe Mini Kristall-Tischlampe Rund Naturstein – Wohnlicht viele Modelle;S06JF0BR6H6;LampeSet-Mond-USB-EC24;Einrichten & Wohnen;Lampen & Leuchten;18;Schneller Versand;cb663c2c-10a8-5406-bdfb-9903c7caed99;EmsCraft24
Nicht verkaufsfähig;EmsCraft24 Wandpaneel Lamellenpaneel Akustik Akustikpaneel 2750x460x18mm Deckenhoch;S0BK308YJA4;018_Eiche_Wotan_EC24;Garten & Heimwerken;Baumarkt;0;Schneller Versand;cb663c2c-10a8-5406-bdfb-9903c7caed99;EmsCraft24
Verkaufsfähig;EmsCraft24 Bilderrahmen Trikotrahmen 63 x 83 cm Schwarz mit Trikot Bügel Halterung EmsCraft24;S0RJ70O9;SKU-5ffe9ff4-b997-480e-93ea-527d69f8a499-copy-4;Einrichten & Wohnen;Wohnaccessoires & Dekoration;91;Schneller Versand;cb663c2c-10a8-5406-bdfb-9903c7caed99;EmsCraft24
Verkaufsfähig;EmsCraft24 Nachttischlampe Kristall-Tischlampe Natürliches Licht Himalaya;S04JF0GIN7L;Kristalllampe-2-3kg-EC24;Einrichten & Wohnen;Lampen & Leuchten;61;Schneller Versand;cb663c2c-10a8-5406-bdfb-9903c7caed99;EmsCraft24
Verkaufsfähig;EmsCraft24 Schreibtischlampe Kristall-Tischlampe 5-7kg EmsCraft24 Naturstein;S06JF01U;SKU-06c3f3be-eb42-4d80-adab-69fa5b532787;Einrichten & Wohnen;Lampen & Leuchten;4;Schneller Versand;cb663c2c-10a8-5406-bdfb-9903c7caed99;EmsCraft24
Nicht verkaufsfähig;EmsCraft24 Schreibtischlampe Kristall-Teelichthalter Kerzenhalter Kerze Kerzenständer EmsCraft24;S06JF01T;SKU-e8c458c6-08ed-43c9-9041-c9455c69c86c;Einrichten & Wohnen;Lampen & Leuchten;0;Schneller Versand;cb663c2c-10a8-5406-bdfb-9903c7caed99;EmsCraft24
Nicht verkaufsfähig;EmsCraft24 RC-Boot Futterboot Köderboot RC Angelboot Flytec 2011-5 mit 5200 mAh Akku;S0JJK0JG;rc-boot-flyetc-ec24;Sport & Freizeit;Spielzeug;0;Schneller Versand;cb663c2c-10a8-5406-bdfb-9903c7caed99;EmsCraft24
Nicht verkaufsfähig;EmsCraft24 Salzkristall-Tischlampe Salzkristall-Tischlampe Stein 1-9kg;S02JD0D2;Lampe-3-5kg-EC24;Einrichten & Wohnen;Lampen & Leuchten;98;Schneller Versand;cb663c2c-10a8-5406-bdfb-9903c7caed99;EmsCraft24
Verkaufsfähig;Clamaro Cityroller Kickscooter 205mm gefedert klappbar bis 100kg, höhenverstellbar;S0XJJ0ZOMUW;Cityroller_Orange/Weiß_EC24;Sport & Freizeit;Roller;6;Schneller Versand;cb663c2c-10a8-5406-bdfb-9903c7caed99;Clamaro
Verkaufsfähig;EmsCraft24 Bilderrahmen Trikotrahmen mit Trikot Bügel Halterung 63 x 83 cm Schwarz EmsCraft24;S0RJ70OA;EC24-TF-63x83-03;Einrichten & Wohnen;Wohnaccessoires & Dekoration;97;Schneller Versand;cb663c2c-10a8-5406-bdfb-9903c7caed99;EmsCraft24
Verkaufsfähig;EmsCraft24 Bilderrahmen Trikotrahmen 63 x 83 cm Schwarz mit Trikot Bügel Halterung EmsCraft24;S01JD061;SKU-5ffe9ff4-b997-480e-93ea-527d69f8a499-copy-7;Einrichten & Wohnen;Wohnaccessoires & Dekoration;100;Schneller Versand;cb663c2c-10a8-5406-bdfb-9903c7caed99;EmsCraft24
Verkaufsfähig;Clamaro Beistellbett Clamaro Besteillbett;S00JC0H8;SKU-55b2fd02-2dc8-489b-af77-514ec1d92e50;Einrichten & Wohnen;Möbel;100;Schneller Versand;cb663c2c-10a8-5406-bdfb-9903c7caed99;Clamaro
Nicht verkaufsfähig;EmsCraft24 Salzkristall-Tischlampe Salzkristall-Tischlampe Stein 1-9kg;S02JD0D2;TL-Salzlampe-4-6kg-EC24;Einrichten & Wohnen;Lampen & Leuchten;;Kein Versandprofil;;EmsCraft24
Verkaufsfähig;EmsCraft24 Nachttischlampe Kristall-Tischlampe Natürliches Licht Himalaya;S04JF0GIBFW;Kristalllampe-5-7kg-EC24;Einrichten & Wohnen;Lampen & Leuchten;38;Schneller Versand;cb663c2c-10a8-5406-bdfb-9903c7caed99;EmsCraft24
Nicht verkaufsfähig;EmsCraft24 Bilderrahmen Trikotrahmen 63 x 83 cm mit Trikot Bügel Halterung EmsCraft24 Fan;S0QJ502O;Trikot-Nussbaum;Einrichten & Wohnen;Wohnaccessoires & Dekoration;0;Schneller Versand;cb663c2c-10a8-5406-bdfb-9903c7caed99;EmsCraft24
Verkaufsfähig;EmsCraft24 Wandspiegel Spiegel 70x50 cm Hoch- und Querformat Kunstoffspiegel montierbar;S0GK009WHA4;EC24_Wandspiegel_Schwarz Matt_70x50;Einrichten & Wohnen;Möbel;99;Schneller Versand;cb663c2c-10a8-5406-bdfb-9903c7caed99;EmsCraft24
Verkaufsfähig;EmsCraft24 Wandspiegel Spiegel 70x50 cm Hoch- und Querformat Kunstoffspiegel montierbar;S0GK009WK96;EC24_Wandspiegel_Glänzend Gold_70x50;Einrichten & Wohnen;Möbel;100;Schneller Versand;cb663c2c-10a8-5406-bdfb-9903c7caed99;EmsCraft24
Nicht verkaufsfähig;EmsCraft24 Salzkristall-Tischlampe Salzkristall-Tischlampe Stein 1-9kg;S02JD0D2;TL-Salzlampe-2-3kg-EC24;Einrichten & Wohnen;Lampen & Leuchten;;Kein Versandprofil;;EmsCraft24
Nicht verkaufsfähig;EmsCraft24 Bilderrahmen Trikotrahmen 63 x 83 cm Schwarz mit Trikot Bügel Halterung EmsCraft24;S0RJ70O9;EC24-TF-63x83-04;Einrichten & Wohnen;Wohnaccessoires & Dekoration;100;Schneller Versand;cb663c2c-10a8-5406-bdfb-9903c7caed99;EmsCraft24
Nicht verkaufsfähig;EmsCraft24 Wandpaneel Lamellenpaneel Akustik Akustikpaneel 2750x460x18mm Deckenhoch;S0BK308YF0E;029_Eiche_Enkel_EC24;Garten & Heimwerken;Baumarkt;0;Schneller Versand;cb663c2c-10a8-5406-bdfb-9903c7caed99;EmsCraft24
Verkaufsfähig;EmsCraft24 Nachttischlampe Kristall-Tischlampe Natürliches Licht Himalaya;S04JF0GIBFW;Bialy-5-7kg-EC24-Kristalllampe;Einrichten & Wohnen;Lampen & Leuchten;39;Schneller Versand;cb663c2c-10a8-5406-bdfb-9903c7caed99;EmsCraft24
Nicht verkaufsfähig;EmsCraft24 Wandpaneel Lamellenpaneel Akustik Akustikpaneel 2750x460x18mm Deckenhoch;S0BK308YPP5;017_Eiche_Catania_EC24;Garten & Heimwerken;Baumarkt;0;Schneller Versand;cb663c2c-10a8-5406-bdfb-9903c7caed99;EmsCraft24
Verkaufsfähig;EmsCraft24 Wandspiegel Spiegel 60x40 cm Hoch- und Querformat Kunststoffspiegel montierbar;S0WJJ06RSPW;EC24_Wandspiegel_Weiß Matt;Einrichten & Wohnen;Möbel;82;Schneller Versand;cb663c2c-10a8-5406-bdfb-9903c7caed99;EmsCraft24
Nicht verkaufsfähig;EmsCraft24 Bilderrahmen Trikotrahmen mit Trikot Bügel Halterung 63 x 83 cm Schwarz EmsCraft24;S0RJ70OA;SKU-5ffe9ff4-b997-480e-93ea-527d69f8a499-copy-3;Einrichten & Wohnen;Wohnaccessoires & Dekoration;97;Schneller Versand;cb663c2c-10a8-5406-bdfb-9903c7caed99;EmsCraft24
Verkaufsfähig;Clamaro Laufrad Lernlaufrad Roadstar Clamaro 12 Zoll Zoll, Laufrad Kinder Fahrrad Kinderlaufrad mit Luftbereifung;S0CJ803T;Laufrad-EC24-1-Silber;Sport & Freizeit;Sportgeräte & Outdoor;100;Schneller Versand;cb663c2c-10a8-5406-bdfb-9903c7caed99;Clamaro
Nicht verkaufsfähig;EmsCraft24 Bilderrahmen Trikotrahmen 63 x 83 cm mit Trikot Bügel Halterung EmsCraft24 Fan;S0QJ502O;Trikot-Eiche-Naur;Einrichten & Wohnen;Wohnaccessoires & Dekoration;100;Schneller Versand;cb663c2c-10a8-5406-bdfb-9903c7caed99;EmsCraft24
Nicht verkaufsfähig;EmsCraft24 Bilderrahmen Trikotrahmen mit Trikot Bügel 63 x 83 cm Schwarz Halterung EmsCraft24;S0RJ70OC;EC24-TF-63x83-02;Einrichten & Wohnen;Wohnaccessoires & Dekoration;100;Schneller Versand;cb663c2c-10a8-5406-bdfb-9903c7caed99;EmsCraft24
Nicht verkaufsfähig;EmsCraft24 Wandpaneel Lamellenpaneel Akustik Akustikpaneel 2750x460x18mm Deckenhoch;S0BK308Y7D7;035_Nussbaum_Bakersfield_EC24;Garten & Heimwerken;Baumarkt;0;Schneller Versand;cb663c2c-10a8-5406-bdfb-9903c7caed99;EmsCraft24
Verkaufsfähig;EmsCraft24 Wandspiegel Spiegel 60x40 cm Hoch- und Querformat Kunststoffspiegel montierbar;S0WJJ06RKB5;EC24_Wandspiegel_Eiche Natur;Einrichten & Wohnen;Möbel;98;Schneller Versand;cb663c2c-10a8-5406-bdfb-9903c7caed99;EmsCraft24
Verkaufsfähig;Clamaro Laufrad Laufrad Lernlaufrad Roadstar Clamaro;S07KQ08S;EC24-Laurad-Silber;Sport & Freizeit;Sportgeräte & Outdoor;50;Schneller Versand;cb663c2c-10a8-5406-bdfb-9903c7caed99;Clamaro
Verkaufsfähig;Clamaro Dreirad Kinder Dreirad 2in1 ab 1 Jahr Schwarz Matt Clamaro 'Buttler Basic';S00JY0ZXJVC;Dreirad-Trio-Schwarz;Sport & Freizeit;Sportgeräte & Outdoor;14;Schneller Versand;cb663c2c-10a8-5406-bdfb-9903c7caed99;Clamaro
Verkaufsfähig;EmsCraft24 Bilderrahmen Trikotrahmen TrikotFrame 63x83cm EmsCraft24;S00IZ0TA;SKU-5ffe9ff4-b997-480e-93ea-527d69f8a499;Einrichten & Wohnen;Wohnaccessoires & Dekoration;87;Schneller Versand;cb663c2c-10a8-5406-bdfb-9903c7caed99;EmsCraft24
Verkaufsfähig;EmsCraft24 Nachttischlampe Kristall-Tischlampe Natürliches Licht Himalaya;S04JF0GIDNN;Bialy-3-5kg-EC24-Kristalllampe;Einrichten & Wohnen;Lampen & Leuchten;22;Schneller Versand;cb663c2c-10a8-5406-bdfb-9903c7caed99;EmsCraft24
Verkaufsfähig;EmsCraft24 Schreibtischlampe Kristall-Tischlampe Helios;S06JF01X;SKU-b20847d7-ceca-4eb9-99d6-e49700c5a046;Einrichten & Wohnen;Lampen & Leuchten;3;Schneller Versand;cb663c2c-10a8-5406-bdfb-9903c7caed99;EmsCraft24
Verkaufsfähig;Clamaro Dreirad Kinder Dreirad 2in1 ab 1 Jahr Schwarz Matt Clamaro 'Buttler Basic';S00JY0ZXVOT;Dreirad-Trio-Bronze;Sport & Freizeit;Sportgeräte & Outdoor;79;Schneller Versand;cb663c2c-10a8-5406-bdfb-9903c7caed99;Clamaro
Verkaufsfähig;Clamaro Cityroller Kickscooter 205mm gefedert klappbar bis 100kg, höhenverstellbar;S0XJJ0ZOJVC;Cityroller_Schwarz_EC24;Sport & Freizeit;Roller;3;Schneller Versand;cb663c2c-10a8-5406-bdfb-9903c7caed99;Clamaro
Nicht verkaufsfähig;EmsCraft24 Salzkristall-Tischlampe Salzkristall-Tischlampe Stein 1-9kg;S02JD0D2;Lampe-2-3kg-EC24;Einrichten & Wohnen;Lampen & Leuchten;99;Schneller Versand;cb663c2c-10a8-5406-bdfb-9903c7caed99;EmsCraft24
Nicht verkaufsfähig;EmsCraft24 Wandpaneel Lamellenpaneel Akustik Akustikpaneel 2750x460x18mm Deckenhoch;S0BK308YWCH;026_Helle_Lavendel_EC24;Garten & Heimwerken;Baumarkt;4;Schneller Versand;cb663c2c-10a8-5406-bdfb-9903c7caed99;EmsCraft24
Verkaufsfähig;EmsCraft24 Wandspiegel Spiegel 70x50 cm Hoch- und Querformat Kunstoffspiegel montierbar;S0GK009WKB5;EC24_Wandspiegel_Eiche Natur_70x50;Einrichten & Wohnen;Möbel;99;Schneller Versand;cb663c2c-10a8-5406-bdfb-9903c7caed99;EmsCraft24
Nicht verkaufsfähig;EmsCraft24 Salzkristall-Tischlampe Salzkristall-Tischlampe Stein 1-9kg;S02JD0D2;Lampe-4-6kg-EC24;Einrichten & Wohnen;Lampen & Leuchten;39;Schneller Versand;cb663c2c-10a8-5406-bdfb-9903c7caed99;EmsCraft24
Verkaufsfähig;Clamaro Davoser Schlitten Piccolino Schlitten/Rodel Leichtmetall, belastbar 80kg Piccolino;S0KJY0IJ;Piccolino_mit_Schieber_EC24;Sport & Freizeit;Sportgeräte & Outdoor;20;Schneller Versand;cb663c2c-10a8-5406-bdfb-9903c7caed99;Clamaro
Verkaufsfähig;EmsCraft24 Wandspiegel Spiegel 70x50 cm Hoch- und Querformat Kunstoffspiegel montierbar;S0GK009WSPW;EC24_Wandspiegel_Weiß Matt_70x50;Einrichten & Wohnen;Möbel;99;Schneller Versand;cb663c2c-10a8-5406-bdfb-9903c7caed99;EmsCraft24
Verkaufsfähig;EmsCraft24 Nachttischlampe Kristall-Tischlampe Natürliches Licht Himalaya;S04JF0GIKSX;Kristalllampe-1-2kg-EC24;Einrichten & Wohnen;Lampen & Leuchten;3;Schneller Versand;cb663c2c-10a8-5406-bdfb-9903c7caed99;EmsCraft24
Nicht verkaufsfähig;EmsCraft24 Schreibtischlampe Kristall-Tischlampe Weiß Natürliches Licht Himalaya;S01KA03X;Kristalllampe-Bialy-3-5kg-EC24;Einrichten & Wohnen;Lampen & Leuchten;0;Schneller Versand;cb663c2c-10a8-5406-bdfb-9903c7caed99;EmsCraft24
Verkaufsfähig;EmsCraft24 Nachttischlampe Kristall-Tischlampe Natürliches Licht Himalaya;S04JF0GIN7L;Bialy-2-3kg-EC24-Kristalllampe;Einrichten & Wohnen;Lampen & Leuchten;17;Schneller Versand;cb663c2c-10a8-5406-bdfb-9903c7caed99;EmsCraft24
Verkaufsfähig;EmsCraft24 Bilderrahmen Trikotrahmen mit Trikot Bügel 63 x 83 cm Schwarz Halterung EmsCraft24;S0RJ70OC;SKU-5ffe9ff4-b997-480e-93ea-527d69f8a499-copy-2;Einrichten & Wohnen;Wohnaccessoires & Dekoration;69;Schneller Versand;cb663c2c-10a8-5406-bdfb-9903c7caed99;EmsCraft24
